species_name,month,records
Accipiter butleri,1.0,2
Accipiter butleri,2.0,1
Accipiter butleri,9.0,1
Accipiter butleri,10.0,3
Accipiter butleri,12.0,1
Accipiter gularis,1.0,3
Accipiter gularis,3.0,1
Accipiter gularis,4.0,2
Accipiter gularis,10.0,1
Accipiter gularis,11.0,2
Accipiter gularis,12.0,10
Accipiter soloensis,1.0,9
Accipiter soloensis,2.0,3
Accipiter soloensis,3.0,13
Accipiter soloensis,4.0,4
Accipiter soloensis,10.0,5
Accipiter soloensis,11.0,3
Accipiter soloensis,12.0,16
Accipiter virgatus,3.0,3
Accipiter virgatus,8.0,3
Accipiter virgatus,9.0,1
Accipiter virgatus,10.0,1
Accipiter virgatus,11.0,2
Accipiter virgatus,12.0,2
Acridotheres tristis,1.0,762
Acridotheres tristis,2.0,1075
Acridotheres tristis,3.0,597
Acridotheres tristis,4.0,445
Acridotheres tristis,5.0,346
Acridotheres tristis,6.0,271
Acridotheres tristis,7.0,293
Acridotheres tristis,8.0,304
Acridotheres tristis,9.0,403
Acridotheres tristis,10.0,615
Acridotheres tristis,11.0,777
Acridotheres tristis,12.0,1055
Acrocephalus bistrigiceps,1.0,55
Acrocephalus bistrigiceps,2.0,91
Acrocephalus bistrigiceps,3.0,88
Acrocephalus bistrigiceps,4.0,25
Acrocephalus bistrigiceps,5.0,4
Acrocephalus bistrigiceps,10.0,2
Acrocephalus bistrigiceps,11.0,4
Acrocephalus bistrigiceps,12.0,44
Acrocephalus orientalis,1.0,154
Acrocephalus orientalis,2.0,117
Acrocephalus orientalis,3.0,85
Acrocephalus orientalis,4.0,58
Acrocephalus orientalis,10.0,16
Acrocephalus orientalis,11.0,44
Acrocephalus orientalis,12.0,106
Acrocephalus stentoreus,1.0,109
Acrocephalus stentoreus,2.0,130
Acrocephalus stentoreus,3.0,98
Acrocephalus stentoreus,4.0,43
Acrocephalus stentoreus,5.0,9
Acrocephalus stentoreus,10.0,11
Acrocephalus stentoreus,11.0,45
Acrocephalus stentoreus,12.0,111
Actitis hypoleucos,1.0,822
Actitis hypoleucos,2.0,672
Actitis hypoleucos,3.0,462
Actitis hypoleucos,4.0,270
Actitis hypoleucos,5.0,55
Actitis hypoleucos,6.0,1
Actitis hypoleucos,8.0,143
Actitis hypoleucos,9.0,241
Actitis hypoleucos,10.0,408
Actitis hypoleucos,11.0,631
Actitis hypoleucos,12.0,868
Aerodramus brevirostris,2.0,3
Aerodramus brevirostris,3.0,1
Aerodramus brevirostris,5.0,2
Aerodramus fuciphagus,1.0,246
Aerodramus fuciphagus,2.0,335
Aerodramus fuciphagus,3.0,218
Aerodramus fuciphagus,4.0,126
Aerodramus fuciphagus,5.0,81
Aerodramus fuciphagus,6.0,49
Aerodramus fuciphagus,7.0,41
Aerodramus fuciphagus,8.0,94
Aerodramus fuciphagus,9.0,97
Aerodramus fuciphagus,10.0,209
Aerodramus fuciphagus,11.0,222
Aerodramus fuciphagus,12.0,353
Aethopyga siparaja,1.0,37
Aethopyga siparaja,2.0,26
Aethopyga siparaja,3.0,67
Aethopyga siparaja,4.0,8
Aethopyga siparaja,5.0,27
Aethopyga siparaja,6.0,20
Aethopyga siparaja,7.0,10
Aethopyga siparaja,8.0,2
Aethopyga siparaja,9.0,22
Aethopyga siparaja,10.0,33
Aethopyga siparaja,11.0,30
Aethopyga siparaja,12.0,81
Agropsar philippensis,1.0,5
Agropsar philippensis,3.0,4
Agropsar philippensis,11.0,2
Agropsar philippensis,12.0,25
Agropsar sturninus,1.0,76
Agropsar sturninus,2.0,77
Agropsar sturninus,3.0,22
Agropsar sturninus,4.0,9
Agropsar sturninus,5.0,2
Agropsar sturninus,6.0,4
Agropsar sturninus,9.0,1
Agropsar sturninus,10.0,68
Agropsar sturninus,11.0,105
Agropsar sturninus,12.0,155
Aix galericulata,1.0,14
Aix galericulata,12.0,7
Alauda gulgula,1.0,7
Alauda gulgula,2.0,9
Alauda gulgula,5.0,3
Alauda gulgula,11.0,6
Alauda gulgula,12.0,3
Alcedo atthis,1.0,378
Alcedo atthis,2.0,285
Alcedo atthis,3.0,255
Alcedo atthis,4.0,46
Alcedo atthis,5.0,46
Alcedo atthis,6.0,46
Alcedo atthis,7.0,35
Alcedo atthis,8.0,43
Alcedo atthis,9.0,65
Alcedo atthis,10.0,152
Alcedo atthis,11.0,267
Alcedo atthis,12.0,398
Alcedo meninting,1.0,144
Alcedo meninting,2.0,91
Alcedo meninting,3.0,102
Alcedo meninting,4.0,76
Alcedo meninting,5.0,65
Alcedo meninting,6.0,54
Alcedo meninting,7.0,50
Alcedo meninting,8.0,56
Alcedo meninting,9.0,77
Alcedo meninting,10.0,85
Alcedo meninting,11.0,84
Alcedo meninting,12.0,111
Amaurornis phoenicurus,1.0,423
Amaurornis phoenicurus,2.0,574
Amaurornis phoenicurus,3.0,518
Amaurornis phoenicurus,4.0,380
Amaurornis phoenicurus,5.0,355
Amaurornis phoenicurus,6.0,210
Amaurornis phoenicurus,7.0,258
Amaurornis phoenicurus,8.0,242
Amaurornis phoenicurus,9.0,275
Amaurornis phoenicurus,10.0,395
Amaurornis phoenicurus,11.0,449
Amaurornis phoenicurus,12.0,525
Anarhynchus alexandrinus,1.0,24
Anarhynchus alexandrinus,2.0,7
Anarhynchus alexandrinus,3.0,3
Anarhynchus alexandrinus,4.0,1
Anarhynchus alexandrinus,8.0,1
Anarhynchus alexandrinus,9.0,1
Anarhynchus alexandrinus,10.0,1
Anarhynchus alexandrinus,11.0,9
Anarhynchus alexandrinus,12.0,15
Anarhynchus atrifrons,1.0,147
Anarhynchus atrifrons,2.0,97
Anarhynchus atrifrons,3.0,78
Anarhynchus atrifrons,4.0,31
Anarhynchus atrifrons,5.0,14
Anarhynchus atrifrons,6.0,11
Anarhynchus atrifrons,7.0,9
Anarhynchus atrifrons,8.0,16
Anarhynchus atrifrons,9.0,53
Anarhynchus atrifrons,10.0,80
Anarhynchus atrifrons,11.0,87
Anarhynchus atrifrons,12.0,120
Anarhynchus leschenaultii,1.0,64
Anarhynchus leschenaultii,2.0,51
Anarhynchus leschenaultii,3.0,41
Anarhynchus leschenaultii,4.0,15
Anarhynchus leschenaultii,5.0,14
Anarhynchus leschenaultii,6.0,1
Anarhynchus leschenaultii,7.0,1
Anarhynchus leschenaultii,8.0,5
Anarhynchus leschenaultii,9.0,27
Anarhynchus leschenaultii,10.0,44
Anarhynchus leschenaultii,11.0,41
Anarhynchus leschenaultii,12.0,60
Anarhynchus quoy,1.0,151
Anarhynchus quoy,2.0,99
Anarhynchus quoy,3.0,80
Anarhynchus quoy,4.0,32
Anarhynchus quoy,5.0,14
Anarhynchus quoy,6.0,11
Anarhynchus quoy,7.0,9
Anarhynchus quoy,8.0,16
Anarhynchus quoy,9.0,54
Anarhynchus quoy,10.0,79
Anarhynchus quoy,11.0,89
Anarhynchus quoy,12.0,120
Anarhynchus veredus,2.0,2
Anarhynchus veredus,3.0,3
Anas acuta,1.0,14
Anas acuta,2.0,3
Anas acuta,12.0,3
Anas albogularis,1.0,191
Anas albogularis,2.0,158
Anas albogularis,3.0,127
Anas albogularis,4.0,70
Anas albogularis,5.0,54
Anas albogularis,6.0,8
Anas albogularis,7.0,22
Anas albogularis,8.0,22
Anas albogularis,9.0,12
Anas albogularis,10.0,20
Anas albogularis,11.0,31
Anas albogularis,12.0,89
Anas clypeata,1.0,13
Anas gibberifrons,1.0,135
Anas gibberifrons,2.0,90
Anas gibberifrons,3.0,93
Anas gibberifrons,4.0,45
Anas gibberifrons,5.0,26
Anas gibberifrons,6.0,5
Anas gibberifrons,7.0,7
Anas gibberifrons,8.0,10
Anas gibberifrons,9.0,1
Anas gibberifrons,10.0,7
Anas gibberifrons,11.0,22
Anas gibberifrons,12.0,102
Anas penelope,1.0,3
Anas penelope,2.0,2
Anas penelope,3.0,1
Anas platyrhynchos,5.0,1
Anas platyrhynchos,10.0,2
Anas platyrhynchos,11.0,4
Anas querquedula,1.0,4
Anas querquedula,2.0,3
Anas querquedula,3.0,1
Anas querquedula,4.0,3
Anas querquedula,11.0,3
Anas querquedula,12.0,3
Anastomus oscitans,1.0,72
Anastomus oscitans,2.0,8
Anastomus oscitans,3.0,13
Anastomus oscitans,4.0,3
Anastomus oscitans,5.0,20
Anastomus oscitans,6.0,16
Anastomus oscitans,7.0,8
Anastomus oscitans,9.0,5
Anastomus oscitans,10.0,5
Anastomus oscitans,11.0,9
Anastomus oscitans,12.0,63
Anhinga melanogaster,12.0,11
Anous stolidus,3.0,2
Anous stolidus,4.0,7
Anous stolidus,5.0,18
Anous stolidus,6.0,3
Anous stolidus,7.0,4
Anous stolidus,8.0,9
Anous stolidus,9.0,2
Anous stolidus,10.0,2
Anous stolidus,11.0,3
Anous tenuirostris,4.0,2
Anthus cervinus,1.0,94
Anthus cervinus,2.0,100
Anthus cervinus,3.0,77
Anthus cervinus,4.0,15
Anthus cervinus,10.0,2
Anthus cervinus,11.0,52
Anthus cervinus,12.0,90
Anthus godlewskii,4.0,3
Anthus richardi,1.0,9
Anthus richardi,2.0,10
Anthus richardi,3.0,4
Anthus richardi,4.0,5
Anthus richardi,10.0,3
Anthus richardi,11.0,10
Anthus richardi,12.0,21
Anthus rufulus,3.0,3
Aplonis panayensis,1.0,488
Aplonis panayensis,2.0,899
Aplonis panayensis,3.0,731
Aplonis panayensis,4.0,398
Aplonis panayensis,5.0,331
Aplonis panayensis,6.0,176
Aplonis panayensis,7.0,69
Aplonis panayensis,8.0,18
Aplonis panayensis,9.0,42
Aplonis panayensis,10.0,75
Aplonis panayensis,11.0,110
Aplonis panayensis,12.0,315
Apus apus,1.0,2
Apus apus,2.0,2
Apus leuconyx,1.0,15
Apus leuconyx,2.0,5
Apus leuconyx,11.0,11
Apus leuconyx,12.0,9
Apus nipalensis,1.0,2
Apus nipalensis,5.0,2
Apus nipalensis,12.0,2
Apus pacificus,1.0,20
Apus pacificus,2.0,7
Apus pacificus,11.0,6
Apus pacificus,12.0,20
Ardea alba,1.0,558
Ardea alba,2.0,402
Ardea alba,3.0,317
Ardea alba,4.0,143
Ardea alba,5.0,115
Ardea alba,6.0,60
Ardea alba,7.0,45
Ardea alba,8.0,41
Ardea alba,9.0,37
Ardea alba,10.0,118
Ardea alba,11.0,288
Ardea alba,12.0,479
Ardea cinerea,1.0,139
Ardea cinerea,2.0,95
Ardea cinerea,3.0,68
Ardea cinerea,4.0,14
Ardea cinerea,5.0,2
Ardea cinerea,9.0,3
Ardea cinerea,10.0,15
Ardea cinerea,11.0,47
Ardea cinerea,12.0,104
Ardea coromanda,1.0,151
Ardea coromanda,2.0,173
Ardea coromanda,3.0,98
Ardea coromanda,4.0,67
Ardea coromanda,5.0,47
Ardea coromanda,6.0,16
Ardea coromanda,7.0,9
Ardea coromanda,8.0,4
Ardea coromanda,9.0,4
Ardea coromanda,10.0,34
Ardea coromanda,11.0,96
Ardea coromanda,12.0,152
Ardea intermedia,1.0,303
Ardea intermedia,2.0,277
Ardea intermedia,3.0,193
Ardea intermedia,4.0,126
Ardea intermedia,5.0,100
Ardea intermedia,6.0,44
Ardea intermedia,7.0,34
Ardea intermedia,8.0,28
Ardea intermedia,9.0,26
Ardea intermedia,10.0,88
Ardea intermedia,11.0,159
Ardea intermedia,12.0,277
Ardea linnaeus,1.0,152
Ardea linnaeus,2.0,175
Ardea linnaeus,3.0,98
Ardea linnaeus,4.0,67
Ardea linnaeus,5.0,47
Ardea linnaeus,6.0,16
Ardea linnaeus,7.0,9
Ardea linnaeus,8.0,4
Ardea linnaeus,9.0,4
Ardea linnaeus,10.0,35
Ardea linnaeus,11.0,99
Ardea linnaeus,12.0,153
Ardea purpurea,1.0,126
Ardea purpurea,2.0,80
Ardea purpurea,3.0,132
Ardea purpurea,4.0,20
Ardea purpurea,5.0,32
Ardea purpurea,6.0,18
Ardea purpurea,7.0,9
Ardea purpurea,8.0,16
Ardea purpurea,9.0,15
Ardea purpurea,10.0,28
Ardea purpurea,11.0,73
Ardea purpurea,12.0,159
Ardenna carneipes,10.0,4
Ardenna pacifica,5.0,6
Ardenna pacifica,10.0,2
Ardeola bacchus,1.0,54
Ardeola bacchus,2.0,44
Ardeola bacchus,3.0,118
Ardeola bacchus,4.0,125
Ardeola bacchus,5.0,27
Ardeola bacchus,6.0,3
Ardeola bacchus,7.0,3
Ardeola bacchus,8.0,1
Ardeola bacchus,10.0,8
Ardeola bacchus,11.0,30
Ardeola bacchus,12.0,41
Ardeola grayii,1.0,414
Ardeola grayii,2.0,418
Ardeola grayii,3.0,278
Ardeola grayii,4.0,157
Ardeola grayii,5.0,59
Ardeola grayii,6.0,21
Ardeola grayii,7.0,22
Ardeola grayii,8.0,10
Ardeola grayii,9.0,9
Ardeola grayii,10.0,116
Ardeola grayii,11.0,212
Ardeola grayii,12.0,324
Ardeola speciosa,3.0,9
Ardeola speciosa,4.0,21
Ardeola speciosa,5.0,11
Ardeola speciosa,7.0,3
Ardeola speciosa,9.0,2
Arenaria interpres,1.0,52
Arenaria interpres,2.0,20
Arenaria interpres,3.0,18
Arenaria interpres,4.0,22
Arenaria interpres,8.0,5
Arenaria interpres,9.0,50
Arenaria interpres,10.0,24
Arenaria interpres,11.0,40
Arenaria interpres,12.0,45
Artamus leucorhynchos,1.0,56
Artamus leucorhynchos,2.0,70
Artamus leucorhynchos,3.0,37
Artamus leucorhynchos,4.0,22
Artamus leucorhynchos,5.0,13
Artamus leucorhynchos,6.0,17
Artamus leucorhynchos,7.0,14
Artamus leucorhynchos,8.0,20
Artamus leucorhynchos,9.0,21
Artamus leucorhynchos,10.0,47
Artamus leucorhynchos,11.0,42
Artamus leucorhynchos,12.0,56
Artamus leucoryn,1.0,50
Artamus leucoryn,2.0,56
Artamus leucoryn,3.0,52
Artamus leucoryn,4.0,23
Artamus leucoryn,5.0,6
Artamus leucoryn,6.0,9
Artamus leucoryn,7.0,23
Artamus leucoryn,8.0,10
Artamus leucoryn,9.0,14
Artamus leucoryn,10.0,31
Artamus leucoryn,11.0,37
Artamus leucoryn,12.0,54
Artamus leucorynchus,1.0,55
Artamus leucorynchus,2.0,66
Artamus leucorynchus,3.0,35
Artamus leucorynchus,4.0,20
Artamus leucorynchus,5.0,13
Artamus leucorynchus,6.0,17
Artamus leucorynchus,7.0,14
Artamus leucorynchus,8.0,17
Artamus leucorynchus,9.0,21
Artamus leucorynchus,10.0,47
Artamus leucorynchus,11.0,42
Artamus leucorynchus,12.0,55
Arundinax aedon,1.0,29
Arundinax aedon,2.0,33
Arundinax aedon,3.0,24
Arundinax aedon,4.0,16
Arundinax aedon,10.0,2
Arundinax aedon,11.0,30
Arundinax aedon,12.0,36
Aviceda jerdoni,1.0,5
Aviceda jerdoni,3.0,8
Aviceda jerdoni,5.0,3
Aviceda jerdoni,8.0,2
Aviceda jerdoni,9.0,4
Aviceda leuphotes,1.0,105
Aviceda leuphotes,2.0,78
Aviceda leuphotes,3.0,41
Aviceda leuphotes,4.0,15
Aviceda leuphotes,5.0,12
Aviceda leuphotes,6.0,3
Aviceda leuphotes,7.0,9
Aviceda leuphotes,8.0,3
Aviceda leuphotes,9.0,5
Aviceda leuphotes,10.0,25
Aviceda leuphotes,11.0,74
Aviceda leuphotes,12.0,144
Aythya fuligula,11.0,3
Aythya fuligula,12.0,3
Aythya nyroca,1.0,11
Aythya nyroca,2.0,10
Aythya nyroca,3.0,4
Aythya nyroca,11.0,3
Aythya nyroca,12.0,15
Botaurus cinnamomeus,1.0,62
Botaurus cinnamomeus,2.0,36
Botaurus cinnamomeus,3.0,26
Botaurus cinnamomeus,4.0,19
Botaurus cinnamomeus,5.0,15
Botaurus cinnamomeus,6.0,14
Botaurus cinnamomeus,7.0,30
Botaurus cinnamomeus,8.0,19
Botaurus cinnamomeus,9.0,27
Botaurus cinnamomeus,10.0,19
Botaurus cinnamomeus,11.0,26
Botaurus cinnamomeus,12.0,33
Botaurus flavicollis,1.0,1
Botaurus flavicollis,2.0,7
Botaurus flavicollis,3.0,4
Botaurus flavicollis,4.0,2
Botaurus flavicollis,8.0,1
Botaurus flavicollis,10.0,3
Botaurus flavicollis,11.0,4
Botaurus flavicollis,12.0,5
Botaurus sinensis,1.0,123
Botaurus sinensis,2.0,102
Botaurus sinensis,3.0,72
Botaurus sinensis,4.0,39
Botaurus sinensis,5.0,28
Botaurus sinensis,6.0,8
Botaurus sinensis,7.0,9
Botaurus sinensis,8.0,4
Botaurus sinensis,9.0,2
Botaurus sinensis,10.0,20
Botaurus sinensis,11.0,48
Botaurus sinensis,12.0,88
Botaurus stephens,1.0,134
Botaurus stephens,2.0,124
Botaurus stephens,3.0,73
Botaurus stephens,4.0,45
Botaurus stephens,5.0,29
Botaurus stephens,6.0,12
Botaurus stephens,7.0,31
Botaurus stephens,8.0,17
Botaurus stephens,9.0,22
Botaurus stephens,10.0,31
Botaurus stephens,11.0,53
Botaurus stephens,12.0,101
Brachypodius fuscoflavescens,3.0,1
Brachypodius fuscoflavescens,4.0,4
Brachypodius fuscoflavescens,5.0,1
Bubulcus ibis,1.0,208
Bubulcus ibis,2.0,160
Bubulcus ibis,3.0,140
Bubulcus ibis,4.0,87
Bubulcus ibis,5.0,34
Bubulcus ibis,6.0,17
Bubulcus ibis,7.0,6
Bubulcus ibis,8.0,4
Bubulcus ibis,9.0,9
Bubulcus ibis,10.0,32
Bubulcus ibis,11.0,102
Bubulcus ibis,12.0,209
Butastur indicus,2.0,1
Butastur indicus,3.0,3
Butastur indicus,10.0,3
Butastur indicus,12.0,3
Buteo buteo,4.0,3
Buteo rufinus,1.0,3
Buteo rufinus,12.0,1
Butorides atricapilla,1.0,2
Butorides atricapilla,2.0,1
Butorides atricapilla,11.0,2
Butorides atricapilla,12.0,1
Butorides blyth,1.0,4
Butorides blyth,2.0,5
Butorides blyth,3.0,1
Butorides blyth,4.0,1
Butorides blyth,9.0,1
Butorides blyth,11.0,4
Butorides blyth,12.0,3
Butorides striata,1.0,483
Butorides striata,2.0,294
Butorides striata,3.0,301
Butorides striata,4.0,135
Butorides striata,5.0,126
Butorides striata,6.0,93
Butorides striata,7.0,92
Butorides striata,8.0,86
Butorides striata,9.0,168
Butorides striata,10.0,186
Butorides striata,11.0,302
Butorides striata,12.0,455
Cacomantis merulinus,1.0,1
Cacomantis merulinus,3.0,2
Cacomantis passerinus,11.0,2
Cacomantis passerinus,12.0,3
Cacomantis sonneratii,12.0,3
Calandrella brachydactyla,12.0,10
Calandrella dukhunensis,2.0,4
Calandrella dukhunensis,12.0,14
Calidris alba,1.0,3
Calidris alba,9.0,4
Calidris alba,10.0,3
Calidris alba,12.0,7
Calidris canutus,9.0,3
Calidris canutus,12.0,2
Calidris falcinellus,1.0,10
Calidris falcinellus,2.0,4
Calidris falcinellus,3.0,2
Calidris falcinellus,4.0,1
Calidris falcinellus,9.0,2
Calidris falcinellus,11.0,12
Calidris falcinellus,12.0,20
Calidris ferruginea,1.0,127
Calidris ferruginea,2.0,69
Calidris ferruginea,3.0,41
Calidris ferruginea,4.0,27
Calidris ferruginea,5.0,1
Calidris ferruginea,7.0,1
Calidris ferruginea,8.0,11
Calidris ferruginea,9.0,20
Calidris ferruginea,10.0,29
Calidris ferruginea,11.0,65
Calidris ferruginea,12.0,110
Calidris melanotos,2.0,14
Calidris melanotos,3.0,4
Calidris melanotos,4.0,4
Calidris melanotos,5.0,2
Calidris minuta,1.0,6
Calidris minuta,2.0,8
Calidris pugnax,9.0,2
Calidris pugnax,11.0,4
Calidris ruficollis,1.0,80
Calidris ruficollis,2.0,87
Calidris ruficollis,3.0,58
Calidris ruficollis,4.0,5
Calidris ruficollis,7.0,1
Calidris ruficollis,8.0,2
Calidris ruficollis,9.0,8
Calidris ruficollis,10.0,15
Calidris ruficollis,11.0,32
Calidris ruficollis,12.0,58
Calidris subminuta,1.0,152
Calidris subminuta,2.0,125
Calidris subminuta,3.0,94
Calidris subminuta,4.0,49
Calidris subminuta,5.0,1
Calidris subminuta,8.0,2
Calidris subminuta,9.0,20
Calidris subminuta,10.0,29
Calidris subminuta,11.0,78
Calidris subminuta,12.0,113
Calidris temminckii,2.0,3
Calidris temminckii,3.0,14
Calidris temminckii,9.0,2
Calidris temminckii,10.0,2
Calidris temminckii,11.0,4
Calidris temminckii,12.0,8
Calidris tenuirostris,1.0,4
Calidris tenuirostris,2.0,2
Calidris tenuirostris,10.0,5
Calidris tenuirostris,12.0,10
Calliope calliope,4.0,2
Calliope calliope,11.0,4
Caloenas nicobarica,1.0,45
Caloenas nicobarica,2.0,22
Caloenas nicobarica,3.0,45
Caloenas nicobarica,4.0,12
Caloenas nicobarica,5.0,24
Caloenas nicobarica,6.0,25
Caloenas nicobarica,9.0,19
Caloenas nicobarica,10.0,42
Caloenas nicobarica,11.0,18
Caloenas nicobarica,12.0,64
Calonectris leucomelas,10.0,3
Caprimulgus andamanicus,1.0,126
Caprimulgus andamanicus,2.0,135
Caprimulgus andamanicus,3.0,113
Caprimulgus andamanicus,4.0,68
Caprimulgus andamanicus,5.0,24
Caprimulgus andamanicus,6.0,2
Caprimulgus andamanicus,7.0,1
Caprimulgus andamanicus,8.0,7
Caprimulgus andamanicus,9.0,10
Caprimulgus andamanicus,10.0,50
Caprimulgus andamanicus,11.0,74
Caprimulgus andamanicus,12.0,129
Caprimulgus jotaka,2.0,3
Caprimulgus jotaka,3.0,9
Caprimulgus jotaka,6.0,3
Caprimulgus jotaka,12.0,6
Carpodacus erythrinus,1.0,3
Carpodacus erythrinus,2.0,6
Cecropis daurica,1.0,40
Cecropis daurica,2.0,18
Cecropis daurica,3.0,44
Cecropis daurica,4.0,14
Cecropis daurica,5.0,3
Cecropis daurica,6.0,2
Cecropis daurica,9.0,2
Cecropis daurica,10.0,45
Cecropis daurica,11.0,28
Cecropis daurica,12.0,53
Centropus andamanensis,1.0,790
Centropus andamanensis,2.0,1029
Centropus andamanensis,3.0,655
Centropus andamanensis,4.0,509
Centropus andamanensis,5.0,348
Centropus andamanensis,6.0,208
Centropus andamanensis,7.0,329
Centropus andamanensis,8.0,266
Centropus andamanensis,9.0,319
Centropus andamanensis,10.0,535
Centropus andamanensis,11.0,739
Centropus andamanensis,12.0,931
Centropus bengalensis,11.0,6
Centropus bengalensis,12.0,4
Ceyx erithaca,1.0,7
Ceyx erithaca,2.0,13
Ceyx erithaca,3.0,27
Ceyx erithaca,4.0,13
Ceyx erithaca,5.0,29
Ceyx erithaca,6.0,30
Ceyx erithaca,7.0,15
Ceyx erithaca,8.0,16
Ceyx erithaca,9.0,9
Ceyx erithaca,10.0,12
Ceyx erithaca,11.0,18
Ceyx erithaca,12.0,2
Chalcophaps indica,1.0,293
Chalcophaps indica,2.0,407
Chalcophaps indica,3.0,407
Chalcophaps indica,4.0,242
Chalcophaps indica,5.0,211
Chalcophaps indica,6.0,155
Chalcophaps indica,7.0,172
Chalcophaps indica,8.0,53
Chalcophaps indica,9.0,123
Chalcophaps indica,10.0,243
Chalcophaps indica,11.0,220
Chalcophaps indica,12.0,393
Charadrius alexandrinus,1.0,16
Charadrius alexandrinus,2.0,8
Charadrius alexandrinus,3.0,2
Charadrius alexandrinus,9.0,1
Charadrius alexandrinus,10.0,1
Charadrius alexandrinus,11.0,5
Charadrius alexandrinus,12.0,10
Charadrius dubius,1.0,44
Charadrius dubius,2.0,41
Charadrius dubius,3.0,36
Charadrius dubius,4.0,5
Charadrius dubius,9.0,1
Charadrius dubius,10.0,9
Charadrius dubius,11.0,32
Charadrius dubius,12.0,40
Charadrius hiaticula,4.0,2
Charadrius leschenaultii,1.0,50
Charadrius leschenaultii,2.0,29
Charadrius leschenaultii,3.0,26
Charadrius leschenaultii,4.0,7
Charadrius leschenaultii,5.0,4
Charadrius leschenaultii,6.0,2
Charadrius leschenaultii,7.0,1
Charadrius leschenaultii,8.0,7
Charadrius leschenaultii,9.0,17
Charadrius leschenaultii,10.0,30
Charadrius leschenaultii,11.0,39
Charadrius leschenaultii,12.0,55
Charadrius mongolus,1.0,171
Charadrius mongolus,2.0,88
Charadrius mongolus,3.0,81
Charadrius mongolus,4.0,31
Charadrius mongolus,5.0,5
Charadrius mongolus,6.0,5
Charadrius mongolus,7.0,5
Charadrius mongolus,8.0,29
Charadrius mongolus,9.0,75
Charadrius mongolus,10.0,81
Charadrius mongolus,11.0,114
Charadrius mongolus,12.0,167
Chlidonias hybrida,1.0,34
Chlidonias hybrida,2.0,16
Chlidonias hybrida,3.0,10
Chlidonias hybrida,4.0,2
Chlidonias hybrida,5.0,1
Chlidonias hybrida,8.0,3
Chlidonias hybrida,9.0,8
Chlidonias hybrida,10.0,36
Chlidonias hybrida,11.0,39
Chlidonias hybrida,12.0,38
Chlidonias leucopterus,1.0,10
Chlidonias leucopterus,2.0,3
Chlidonias leucopterus,3.0,2
Chlidonias leucopterus,4.0,2
Chlidonias leucopterus,8.0,13
Chlidonias leucopterus,9.0,7
Chlidonias leucopterus,10.0,3
Chlidonias leucopterus,11.0,1
Chlidonias leucopterus,12.0,9
Chroicocephalus brunnicephalus,12.0,3
Chrysococcyx basalis,7.0,1
Chrysococcyx maculatus,1.0,5
Chrysococcyx maculatus,2.0,6
Chrysococcyx xanthorhynchus,1.0,98
Chrysococcyx xanthorhynchus,2.0,110
Chrysococcyx xanthorhynchus,3.0,84
Chrysococcyx xanthorhynchus,4.0,80
Chrysococcyx xanthorhynchus,5.0,59
Chrysococcyx xanthorhynchus,6.0,47
Chrysococcyx xanthorhynchus,7.0,34
Chrysococcyx xanthorhynchus,8.0,55
Chrysococcyx xanthorhynchus,9.0,51
Chrysococcyx xanthorhynchus,10.0,96
Chrysococcyx xanthorhynchus,11.0,106
Chrysococcyx xanthorhynchus,12.0,114
Cinnyris asiaticus,1.0,1
Cinnyris cuvier,1.0,234
Cinnyris cuvier,2.0,340
Cinnyris cuvier,3.0,184
Cinnyris cuvier,4.0,133
Cinnyris cuvier,5.0,137
Cinnyris cuvier,6.0,99
Cinnyris cuvier,7.0,66
Cinnyris cuvier,8.0,77
Cinnyris cuvier,9.0,112
Cinnyris cuvier,10.0,220
Cinnyris cuvier,11.0,232
Cinnyris cuvier,12.0,337
Cinnyris jugularis,1.0,345
Cinnyris jugularis,2.0,288
Cinnyris jugularis,3.0,230
Cinnyris jugularis,4.0,112
Cinnyris jugularis,5.0,105
Cinnyris jugularis,6.0,75
Cinnyris jugularis,7.0,89
Cinnyris jugularis,8.0,60
Cinnyris jugularis,9.0,115
Cinnyris jugularis,10.0,177
Cinnyris jugularis,11.0,245
Cinnyris jugularis,12.0,351
Cinnyris ornatus,1.0,227
Cinnyris ornatus,2.0,330
Cinnyris ornatus,3.0,181
Cinnyris ornatus,4.0,132
Cinnyris ornatus,5.0,136
Cinnyris ornatus,6.0,100
Cinnyris ornatus,7.0,65
Cinnyris ornatus,8.0,77
Cinnyris ornatus,9.0,110
Cinnyris ornatus,10.0,217
Cinnyris ornatus,11.0,228
Cinnyris ornatus,12.0,331
Circus aeruginosus,1.0,15
Circus aeruginosus,2.0,7
Circus aeruginosus,4.0,3
Circus aeruginosus,11.0,2
Circus aeruginosus,12.0,4
Circus melanoleucos,1.0,26
Circus melanoleucos,2.0,17
Circus melanoleucos,3.0,1
Circus melanoleucos,4.0,3
Circus melanoleucos,5.0,2
Circus melanoleucos,11.0,9
Circus melanoleucos,12.0,30
Circus spilonotus,1.0,8
Circus spilonotus,2.0,5
Circus spilonotus,3.0,7
Circus spilonotus,4.0,2
Circus spilonotus,10.0,2
Circus spilonotus,11.0,12
Circus spilonotus,12.0,8
Cisticola juncidis,2.0,2
Cisticola juncidis,3.0,9
Cisticola juncidis,5.0,16
Cisticola juncidis,6.0,14
Cisticola juncidis,7.0,1
Cisticola juncidis,9.0,6
Cisticola juncidis,10.0,15
Cisticola juncidis,11.0,8
Cisticola juncidis,12.0,5
Clamator coromandus,3.0,5
Clamator coromandus,11.0,5
Clamator coromandus,12.0,2
Clamator jacobinus,1.0,4
Clamator jacobinus,2.0,9
Clamator jacobinus,10.0,5
Clamator jacobinus,11.0,3
Clamator jacobinus,12.0,7
Collocalia affinis,1.0,856
Collocalia affinis,2.0,1163
Collocalia affinis,3.0,720
Collocalia affinis,4.0,482
Collocalia affinis,5.0,418
Collocalia affinis,6.0,292
Collocalia affinis,7.0,343
Collocalia affinis,8.0,273
Collocalia affinis,9.0,406
Collocalia affinis,10.0,724
Collocalia affinis,11.0,776
Collocalia affinis,12.0,1094
Collocalia esculenta,1.0,1
Collocalia esculenta,4.0,1
Collocalia esculenta,5.0,1
Columba livia,1.0,409
Columba livia,2.0,616
Columba livia,3.0,324
Columba livia,4.0,253
Columba livia,5.0,180
Columba livia,6.0,91
Columba livia,7.0,121
Columba livia,8.0,170
Columba livia,9.0,177
Columba livia,10.0,334
Columba livia,11.0,413
Columba livia,12.0,558
Columba palumboides,1.0,139
Columba palumboides,2.0,108
Columba palumboides,3.0,94
Columba palumboides,4.0,81
Columba palumboides,5.0,46
Columba palumboides,6.0,43
Columba palumboides,7.0,42
Columba palumboides,8.0,10
Columba palumboides,9.0,21
Columba palumboides,10.0,58
Columba palumboides,11.0,106
Columba palumboides,12.0,121
Copsychus albiventris,1.0,241
Copsychus albiventris,2.0,319
Copsychus albiventris,3.0,267
Copsychus albiventris,4.0,224
Copsychus albiventris,5.0,149
Copsychus albiventris,6.0,105
Copsychus albiventris,7.0,125
Copsychus albiventris,8.0,74
Copsychus albiventris,9.0,101
Copsychus albiventris,10.0,214
Copsychus albiventris,11.0,219
Copsychus albiventris,12.0,365
Copsychus saularis,1.0,601
Copsychus saularis,2.0,848
Copsychus saularis,3.0,578
Copsychus saularis,4.0,425
Copsychus saularis,5.0,299
Copsychus saularis,6.0,256
Copsychus saularis,7.0,307
Copsychus saularis,8.0,232
Copsychus saularis,9.0,305
Copsychus saularis,10.0,545
Copsychus saularis,11.0,642
Copsychus saularis,12.0,695
Coracias affinis,11.0,13
Coracias affinis,12.0,2
Coracias garrulus,10.0,3
Coracias garrulus,11.0,3
Coracina dobsoni,1.0,179
Coracina dobsoni,2.0,135
Coracina dobsoni,3.0,120
Coracina dobsoni,4.0,71
Coracina dobsoni,5.0,36
Coracina dobsoni,6.0,11
Coracina dobsoni,7.0,22
Coracina dobsoni,8.0,21
Coracina dobsoni,9.0,26
Coracina dobsoni,10.0,60
Coracina dobsoni,11.0,109
Coracina dobsoni,12.0,167
Coracina javensis,1.0,134
Coracina javensis,2.0,126
Coracina javensis,3.0,109
Coracina javensis,4.0,66
Coracina javensis,5.0,44
Coracina javensis,6.0,30
Coracina javensis,7.0,30
Coracina javensis,8.0,18
Coracina javensis,9.0,49
Coracina javensis,10.0,94
Coracina javensis,11.0,124
Coracina javensis,12.0,201
Coracina macei,1.0,91
Coracina macei,2.0,69
Coracina macei,3.0,65
Coracina macei,4.0,20
Coracina macei,5.0,7
Coracina macei,6.0,10
Coracina macei,7.0,16
Coracina macei,8.0,14
Coracina macei,9.0,22
Coracina macei,10.0,34
Coracina macei,11.0,60
Coracina macei,12.0,116
Corvus levaillantii,12.0,1
Corvus macrorhynchos,1.0,594
Corvus macrorhynchos,2.0,620
Corvus macrorhynchos,3.0,371
Corvus macrorhynchos,4.0,243
Corvus macrorhynchos,5.0,153
Corvus macrorhynchos,6.0,107
Corvus macrorhynchos,7.0,130
Corvus macrorhynchos,8.0,120
Corvus macrorhynchos,9.0,132
Corvus macrorhynchos,10.0,304
Corvus macrorhynchos,11.0,391
Corvus macrorhynchos,12.0,596
Corvus splendens,1.0,514
Corvus splendens,2.0,637
Corvus splendens,3.0,319
Corvus splendens,4.0,275
Corvus splendens,5.0,221
Corvus splendens,6.0,126
Corvus splendens,7.0,181
Corvus splendens,8.0,196
Corvus splendens,9.0,192
Corvus splendens,10.0,343
Corvus splendens,11.0,429
Corvus splendens,12.0,521
Coturnix japonica,3.0,2
Crex crex,2.0,3
Cuculus canorus,10.0,4
Cuculus canorus,12.0,3
Cuculus micropterus,1.0,149
Cuculus micropterus,2.0,160
Cuculus micropterus,3.0,250
Cuculus micropterus,4.0,182
Cuculus micropterus,5.0,80
Cuculus micropterus,6.0,34
Cuculus micropterus,7.0,9
Cuculus micropterus,9.0,1
Cuculus micropterus,10.0,26
Cuculus micropterus,11.0,68
Cuculus micropterus,12.0,126
Cuculus nisicolor,2.0,2
Cuculus nisicolor,12.0,1
Cuculus poliocephalus,2.0,6
Cuculus poliocephalus,3.0,2
Cuculus poliocephalus,11.0,6
Cuculus poliocephalus,12.0,4
Cuculus saturatus,1.0,30
Cuculus saturatus,2.0,16
Cuculus saturatus,3.0,22
Cuculus saturatus,4.0,6
Cuculus saturatus,10.0,2
Cuculus saturatus,11.0,16
Cuculus saturatus,12.0,51
Cuculus sparverioides,2.0,3
Cuculus sparverioides,3.0,3
Cyanoptila cumatilis,3.0,3
Cyanoptila cyanomelana,2.0,1
Cyanoptila cyanomelana,11.0,3
Cyanoptila cyanomelana,12.0,6
Cyornis nicobaricus,1.0,2
Cyornis nicobaricus,2.0,3
Cyornis nicobaricus,3.0,14
Cyornis nicobaricus,4.0,8
Cyornis nicobaricus,5.0,4
Cyornis nicobaricus,6.0,4
Cyornis nicobaricus,7.0,2
Cyornis nicobaricus,9.0,7
Cyornis nicobaricus,10.0,2
Cyornis nicobaricus,12.0,12
Cyornis rubeculoides,2.0,3
Cyornis rubeculoides,10.0,3
Cyornis rubeculoides,11.0,3
Cyornis rubeculoides,12.0,4
Cypsiurus balasiensis,2.0,6
Delichon dasypus,2.0,3
Delichon dasypus,12.0,3
Dendrocitta bayleii,1.0,254
Dendrocitta bayleii,2.0,273
Dendrocitta bayleii,3.0,237
Dendrocitta bayleii,4.0,133
Dendrocitta bayleii,5.0,94
Dendrocitta bayleii,6.0,52
Dendrocitta bayleii,7.0,115
Dendrocitta bayleii,8.0,42
Dendrocitta bayleii,9.0,62
Dendrocitta bayleii,10.0,113
Dendrocitta bayleii,11.0,161
Dendrocitta bayleii,12.0,254
Dendrocopos analis,1.0,337
Dendrocopos analis,2.0,313
Dendrocopos analis,3.0,274
Dendrocopos analis,4.0,194
Dendrocopos analis,5.0,119
Dendrocopos analis,6.0,51
Dendrocopos analis,7.0,64
Dendrocopos analis,8.0,59
Dendrocopos analis,9.0,54
Dendrocopos analis,10.0,169
Dendrocopos analis,11.0,246
Dendrocopos analis,12.0,400
Dendrocygna javanica,1.0,331
Dendrocygna javanica,2.0,218
Dendrocygna javanica,3.0,185
Dendrocygna javanica,4.0,110
Dendrocygna javanica,5.0,121
Dendrocygna javanica,6.0,47
Dendrocygna javanica,7.0,92
Dendrocygna javanica,8.0,95
Dendrocygna javanica,9.0,87
Dendrocygna javanica,10.0,106
Dendrocygna javanica,11.0,167
Dendrocygna javanica,12.0,269
Dendronanthus indicus,1.0,94
Dendronanthus indicus,2.0,131
Dendronanthus indicus,3.0,187
Dendronanthus indicus,4.0,91
Dendronanthus indicus,5.0,3
Dendronanthus indicus,8.0,2
Dendronanthus indicus,9.0,32
Dendronanthus indicus,10.0,79
Dendronanthus indicus,11.0,117
Dendronanthus indicus,12.0,168
Dicaeum virescens,1.0,406
Dicaeum virescens,2.0,528
Dicaeum virescens,3.0,279
Dicaeum virescens,4.0,236
Dicaeum virescens,5.0,154
Dicaeum virescens,6.0,121
Dicaeum virescens,7.0,159
Dicaeum virescens,8.0,149
Dicaeum virescens,9.0,148
Dicaeum virescens,10.0,345
Dicaeum virescens,11.0,404
Dicaeum virescens,12.0,550
Dicrurus andamanensis,1.0,584
Dicrurus andamanensis,2.0,596
Dicrurus andamanensis,3.0,427
Dicrurus andamanensis,4.0,298
Dicrurus andamanensis,5.0,182
Dicrurus andamanensis,6.0,118
Dicrurus andamanensis,7.0,176
Dicrurus andamanensis,8.0,116
Dicrurus andamanensis,9.0,158
Dicrurus andamanensis,10.0,358
Dicrurus andamanensis,11.0,494
Dicrurus andamanensis,12.0,683
Dicrurus annectens,4.0,3
Dicrurus annectens,12.0,2
Dicrurus leucophaeus,1.0,44
Dicrurus leucophaeus,2.0,41
Dicrurus leucophaeus,3.0,21
Dicrurus leucophaeus,4.0,4
Dicrurus leucophaeus,5.0,1
Dicrurus leucophaeus,10.0,11
Dicrurus leucophaeus,11.0,28
Dicrurus leucophaeus,12.0,64
Dicrurus macrocercus,1.0,94
Dicrurus macrocercus,2.0,75
Dicrurus macrocercus,3.0,26
Dicrurus macrocercus,5.0,3
Dicrurus macrocercus,6.0,2
Dicrurus macrocercus,10.0,9
Dicrurus macrocercus,11.0,62
Dicrurus macrocercus,12.0,113
Dicrurus paradiseus,1.0,677
Dicrurus paradiseus,2.0,853
Dicrurus paradiseus,3.0,640
Dicrurus paradiseus,4.0,388
Dicrurus paradiseus,5.0,276
Dicrurus paradiseus,6.0,192
Dicrurus paradiseus,7.0,229
Dicrurus paradiseus,8.0,161
Dicrurus paradiseus,9.0,239
Dicrurus paradiseus,10.0,482
Dicrurus paradiseus,11.0,634
Dicrurus paradiseus,12.0,1022
Dromas ardeola,1.0,5
Dromas ardeola,2.0,10
Dromas ardeola,12.0,11
Dryocopus hodgei,1.0,321
Dryocopus hodgei,2.0,345
Dryocopus hodgei,3.0,216
Dryocopus hodgei,4.0,144
Dryocopus hodgei,5.0,104
Dryocopus hodgei,6.0,54
Dryocopus hodgei,7.0,83
Dryocopus hodgei,8.0,38
Dryocopus hodgei,9.0,80
Dryocopus hodgei,10.0,186
Dryocopus hodgei,11.0,220
Dryocopus hodgei,12.0,373
Ducula aenea,1.0,574
Ducula aenea,2.0,606
Ducula aenea,3.0,402
Ducula aenea,4.0,262
Ducula aenea,5.0,174
Ducula aenea,6.0,135
Ducula aenea,7.0,175
Ducula aenea,8.0,140
Ducula aenea,9.0,160
Ducula aenea,10.0,325
Ducula aenea,11.0,476
Ducula aenea,12.0,735
Ducula bicolor,1.0,158
Ducula bicolor,2.0,161
Ducula bicolor,3.0,229
Ducula bicolor,4.0,44
Ducula bicolor,5.0,103
Ducula bicolor,6.0,56
Ducula bicolor,7.0,28
Ducula bicolor,8.0,41
Ducula bicolor,9.0,54
Ducula bicolor,10.0,88
Ducula bicolor,11.0,97
Ducula bicolor,12.0,217
Ducula nicobarica,1.0,67
Ducula nicobarica,2.0,68
Ducula nicobarica,3.0,141
Ducula nicobarica,4.0,22
Ducula nicobarica,5.0,65
Ducula nicobarica,6.0,49
Ducula nicobarica,7.0,10
Ducula nicobarica,8.0,2
Ducula nicobarica,9.0,36
Ducula nicobarica,10.0,101
Ducula nicobarica,11.0,33
Ducula nicobarica,12.0,205
Dupetor flavicollis,1.0,5
Dupetor flavicollis,2.0,10
Dupetor flavicollis,3.0,2
Dupetor flavicollis,9.0,1
Dupetor flavicollis,12.0,6
Egretta eulophotes,1.0,37
Egretta eulophotes,2.0,23
Egretta eulophotes,3.0,17
Egretta eulophotes,4.0,5
Egretta eulophotes,5.0,2
Egretta eulophotes,10.0,6
Egretta eulophotes,11.0,21
Egretta eulophotes,12.0,14
Egretta garzetta,1.0,496
Egretta garzetta,2.0,342
Egretta garzetta,3.0,269
Egretta garzetta,4.0,152
Egretta garzetta,5.0,104
Egretta garzetta,6.0,40
Egretta garzetta,7.0,27
Egretta garzetta,8.0,28
Egretta garzetta,9.0,27
Egretta garzetta,10.0,108
Egretta garzetta,11.0,238
Egretta garzetta,12.0,409
Egretta intermedia,1.0,253
Egretta intermedia,2.0,140
Egretta intermedia,3.0,138
Egretta intermedia,4.0,54
Egretta intermedia,5.0,38
Egretta intermedia,6.0,19
Egretta intermedia,7.0,16
Egretta intermedia,8.0,11
Egretta intermedia,9.0,20
Egretta intermedia,10.0,56
Egretta intermedia,11.0,129
Egretta intermedia,12.0,247
Egretta sacra,1.0,501
Egretta sacra,2.0,408
Egretta sacra,3.0,298
Egretta sacra,4.0,170
Egretta sacra,5.0,175
Egretta sacra,6.0,99
Egretta sacra,7.0,115
Egretta sacra,8.0,99
Egretta sacra,9.0,151
Egretta sacra,10.0,296
Egretta sacra,11.0,291
Egretta sacra,12.0,503
Emberiza chrysophrys,11.0,6
Emberiza chrysophrys,12.0,5
Emberiza fucata,11.0,4
Emberiza hortulana,10.0,8
Emberiza pusilla,4.0,3
Emberiza pusilla,11.0,4
Emberiza spodocephala,4.0,3
Emberiza spodocephala,12.0,3
Esacus magnirostris,1.0,72
Esacus magnirostris,2.0,29
Esacus magnirostris,3.0,29
Esacus magnirostris,4.0,24
Esacus magnirostris,5.0,32
Esacus magnirostris,6.0,14
Esacus magnirostris,7.0,9
Esacus magnirostris,8.0,3
Esacus magnirostris,9.0,6
Esacus magnirostris,10.0,14
Esacus magnirostris,11.0,14
Esacus magnirostris,12.0,74
Eudynamys scolopaceus,1.0,490
Eudynamys scolopaceus,2.0,787
Eudynamys scolopaceus,3.0,508
Eudynamys scolopaceus,4.0,210
Eudynamys scolopaceus,5.0,120
Eudynamys scolopaceus,6.0,41
Eudynamys scolopaceus,7.0,35
Eudynamys scolopaceus,8.0,18
Eudynamys scolopaceus,9.0,19
Eudynamys scolopaceus,10.0,219
Eudynamys scolopaceus,11.0,424
Eudynamys scolopaceus,12.0,832
Eumyias thalassinus,12.0,3
Eurystomus orientalis,1.0,156
Eurystomus orientalis,2.0,190
Eurystomus orientalis,3.0,154
Eurystomus orientalis,4.0,96
Eurystomus orientalis,5.0,31
Eurystomus orientalis,6.0,19
Eurystomus orientalis,7.0,29
Eurystomus orientalis,8.0,15
Eurystomus orientalis,9.0,24
Eurystomus orientalis,10.0,73
Eurystomus orientalis,11.0,153
Eurystomus orientalis,12.0,204
Falco amurensis,12.0,12
Falco peregrinus,1.0,26
Falco peregrinus,2.0,8
Falco peregrinus,3.0,13
Falco peregrinus,5.0,1
Falco peregrinus,10.0,2
Falco peregrinus,11.0,30
Falco peregrinus,12.0,39
Falco tinnunculus,1.0,12
Falco tinnunculus,2.0,6
Falco tinnunculus,3.0,5
Falco tinnunculus,11.0,17
Falco tinnunculus,12.0,17
Ficedula albicilla,1.0,38
Ficedula albicilla,2.0,68
Ficedula albicilla,3.0,36
Ficedula albicilla,4.0,5
Ficedula albicilla,10.0,11
Ficedula albicilla,11.0,70
Ficedula albicilla,12.0,83
Ficedula mugimaki,1.0,6
Ficedula mugimaki,2.0,5
Ficedula mugimaki,11.0,6
Ficedula mugimaki,12.0,6
Ficedula zanthopygia,3.0,4
Ficedula zanthopygia,4.0,14
Ficedula zanthopygia,10.0,3
Ficedula zanthopygia,12.0,4
Francolinus pondicerianus,1.0,1
Francolinus pondicerianus,2.0,2
Francolinus pondicerianus,3.0,3
Francolinus pondicerianus,8.0,1
Francolinus pondicerianus,10.0,1
Francolinus pondicerianus,12.0,10
Fregata andrewsi,4.0,2
Fregata ariel,3.0,3
Fregata ariel,4.0,2
Fregata ariel,7.0,4
Fregata ariel,9.0,2
Fregata ariel,12.0,8
Fulica atra,1.0,106
Fulica atra,2.0,76
Fulica atra,3.0,37
Fulica atra,4.0,18
Fulica atra,5.0,8
Fulica atra,6.0,2
Fulica atra,7.0,2
Fulica atra,8.0,6
Fulica atra,9.0,1
Fulica atra,10.0,11
Fulica atra,11.0,35
Fulica atra,12.0,76
Gallicrex cinerea,1.0,185
Gallicrex cinerea,2.0,186
Gallicrex cinerea,3.0,160
Gallicrex cinerea,4.0,87
Gallicrex cinerea,5.0,57
Gallicrex cinerea,6.0,32
Gallicrex cinerea,7.0,64
Gallicrex cinerea,8.0,23
Gallicrex cinerea,9.0,37
Gallicrex cinerea,10.0,24
Gallicrex cinerea,11.0,57
Gallicrex cinerea,12.0,104
Gallinago gallinago,1.0,226
Gallinago gallinago,2.0,259
Gallinago gallinago,3.0,202
Gallinago gallinago,4.0,71
Gallinago gallinago,5.0,7
Gallinago gallinago,10.0,30
Gallinago gallinago,11.0,102
Gallinago gallinago,12.0,128
Gallinago megala,3.0,1
Gallinago nemoricola,3.0,3
Gallinago stenura,1.0,253
Gallinago stenura,2.0,213
Gallinago stenura,3.0,208
Gallinago stenura,4.0,73
Gallinago stenura,5.0,5
Gallinago stenura,9.0,8
Gallinago stenura,10.0,38
Gallinago stenura,11.0,142
Gallinago stenura,12.0,246
Gallinula chloropus,1.0,463
Gallinula chloropus,2.0,362
Gallinula chloropus,3.0,263
Gallinula chloropus,4.0,157
Gallinula chloropus,5.0,116
Gallinula chloropus,6.0,63
Gallinula chloropus,7.0,103
Gallinula chloropus,8.0,84
Gallinula chloropus,9.0,70
Gallinula chloropus,10.0,110
Gallinula chloropus,11.0,242
Gallinula chloropus,12.0,341
Gallirallus striatus,1.0,26
Gallirallus striatus,2.0,30
Gallirallus striatus,3.0,39
Gallirallus striatus,4.0,30
Gallirallus striatus,5.0,11
Gallirallus striatus,6.0,2
Gallirallus striatus,7.0,1
Gallirallus striatus,8.0,7
Gallirallus striatus,9.0,4
Gallirallus striatus,10.0,5
Gallirallus striatus,11.0,14
Gallirallus striatus,12.0,22
Gelochelidon nilotica,1.0,1
Gelochelidon nilotica,2.0,3
Gelochelidon nilotica,5.0,1
Gelochelidon nilotica,8.0,7
Gelochelidon nilotica,11.0,2
Gelochelidon nilotica,12.0,8
Geokichla citrina,1.0,139
Geokichla citrina,2.0,207
Geokichla citrina,3.0,206
Geokichla citrina,4.0,144
Geokichla citrina,5.0,202
Geokichla citrina,6.0,131
Geokichla citrina,7.0,168
Geokichla citrina,8.0,116
Geokichla citrina,9.0,135
Geokichla citrina,10.0,179
Geokichla citrina,11.0,101
Geokichla citrina,12.0,148
Geokichla sibirica,3.0,3
Geokichla sibirica,12.0,11
Glareola lactea,1.0,12
Glareola maldivarum,1.0,45
Glareola maldivarum,2.0,57
Glareola maldivarum,3.0,90
Glareola maldivarum,4.0,10
Glareola maldivarum,5.0,2
Glareola maldivarum,6.0,2
Glareola maldivarum,10.0,21
Glareola maldivarum,11.0,62
Glareola maldivarum,12.0,80
Glareola pratincola,3.0,1
Glareola pratincola,11.0,9
Glareola pratincola,12.0,10
Gorsachius melanolophus,2.0,2
Gorsachius melanolophus,3.0,2
Gorsachius melanolophus,4.0,7
Gorsachius melanolophus,5.0,8
Gorsachius melanolophus,6.0,7
Gorsachius melanolophus,7.0,11
Gorsachius melanolophus,9.0,14
Gorsachius melanolophus,10.0,6
Gorsachius melanolophus,12.0,3
Gracula religiosa,1.0,504
Gracula religiosa,2.0,486
Gracula religiosa,3.0,349
Gracula religiosa,4.0,171
Gracula religiosa,5.0,146
Gracula religiosa,6.0,88
Gracula religiosa,7.0,111
Gracula religiosa,8.0,126
Gracula religiosa,9.0,154
Gracula religiosa,10.0,384
Gracula religiosa,11.0,484
Gracula religiosa,12.0,799
Halcyon coromanda,1.0,66
Halcyon coromanda,2.0,95
Halcyon coromanda,3.0,80
Halcyon coromanda,4.0,65
Halcyon coromanda,5.0,35
Halcyon coromanda,6.0,27
Halcyon coromanda,7.0,24
Halcyon coromanda,8.0,28
Halcyon coromanda,9.0,23
Halcyon coromanda,10.0,48
Halcyon coromanda,11.0,34
Halcyon coromanda,12.0,80
Halcyon pileata,1.0,71
Halcyon pileata,2.0,51
Halcyon pileata,3.0,53
Halcyon pileata,4.0,28
Halcyon pileata,5.0,1
Halcyon pileata,10.0,19
Halcyon pileata,11.0,48
Halcyon pileata,12.0,90
Halcyon smyrnensis,1.0,969
Halcyon smyrnensis,2.0,1069
Halcyon smyrnensis,3.0,643
Halcyon smyrnensis,4.0,406
Halcyon smyrnensis,5.0,312
Halcyon smyrnensis,6.0,280
Halcyon smyrnensis,7.0,384
Halcyon smyrnensis,8.0,323
Halcyon smyrnensis,9.0,415
Halcyon smyrnensis,10.0,668
Halcyon smyrnensis,11.0,920
Halcyon smyrnensis,12.0,1140
Haliaeetus leucogaster,1.0,418
Haliaeetus leucogaster,2.0,303
Haliaeetus leucogaster,3.0,236
Haliaeetus leucogaster,4.0,100
Haliaeetus leucogaster,5.0,69
Haliaeetus leucogaster,6.0,49
Haliaeetus leucogaster,7.0,70
Haliaeetus leucogaster,8.0,66
Haliaeetus leucogaster,9.0,106
Haliaeetus leucogaster,10.0,159
Haliaeetus leucogaster,11.0,246
Haliaeetus leucogaster,12.0,418
Haliastur indus,1.0,89
Haliastur indus,2.0,60
Haliastur indus,3.0,60
Haliastur indus,4.0,32
Haliastur indus,5.0,21
Haliastur indus,6.0,8
Haliastur indus,7.0,10
Haliastur indus,8.0,20
Haliastur indus,9.0,20
Haliastur indus,10.0,41
Haliastur indus,11.0,66
Haliastur indus,12.0,98
Helopsaltes certhiola,1.0,12
Helopsaltes certhiola,2.0,26
Helopsaltes certhiola,3.0,12
Helopsaltes certhiola,4.0,6
Helopsaltes certhiola,5.0,6
Helopsaltes certhiola,10.0,4
Helopsaltes certhiola,11.0,14
Helopsaltes certhiola,12.0,26
Hemitesia pallidipes,1.0,4
Hemitesia pallidipes,2.0,8
Hemitesia pallidipes,3.0,2
Hemitesia pallidipes,4.0,2
Hemitesia pallidipes,5.0,2
Hemitesia pallidipes,10.0,2
Hemitesia pallidipes,12.0,10
Hieraaetus pennatus,10.0,2
Hierococcyx nisicolor,2.0,4
Hierococcyx nisicolor,12.0,2
Hierococcyx sparverioides,2.0,6
Hierococcyx sparverioides,3.0,6
Hierococcyx sparverioides,4.0,2
Hierococcyx sparverioides,11.0,2
Himantopus himantopus,1.0,16
Himantopus himantopus,2.0,17
Himantopus himantopus,3.0,2
Himantopus himantopus,4.0,2
Himantopus himantopus,9.0,2
Himantopus himantopus,10.0,8
Himantopus himantopus,11.0,11
Himantopus himantopus,12.0,9
Hirundapus caudacutus,1.0,3
Hirundapus caudacutus,2.0,3
Hirundapus caudacutus,3.0,2
Hirundapus giganteus,1.0,282
Hirundapus giganteus,2.0,293
Hirundapus giganteus,3.0,239
Hirundapus giganteus,4.0,110
Hirundapus giganteus,5.0,57
Hirundapus giganteus,6.0,82
Hirundapus giganteus,7.0,163
Hirundapus giganteus,8.0,140
Hirundapus giganteus,9.0,131
Hirundapus giganteus,10.0,201
Hirundapus giganteus,11.0,243
Hirundapus giganteus,12.0,357
Hirundo javanica,1.0,229
Hirundo javanica,2.0,141
Hirundo javanica,3.0,126
Hirundo javanica,4.0,95
Hirundo javanica,5.0,44
Hirundo javanica,6.0,66
Hirundo javanica,7.0,60
Hirundo javanica,8.0,41
Hirundo javanica,9.0,42
Hirundo javanica,10.0,110
Hirundo javanica,11.0,104
Hirundo javanica,12.0,134
Hirundo rustica,1.0,436
Hirundo rustica,2.0,377
Hirundo rustica,3.0,253
Hirundo rustica,4.0,146
Hirundo rustica,5.0,25
Hirundo rustica,8.0,7
Hirundo rustica,9.0,56
Hirundo rustica,10.0,185
Hirundo rustica,11.0,281
Hirundo rustica,12.0,415
Hirundo tahitica,1.0,138
Hirundo tahitica,2.0,96
Hirundo tahitica,3.0,76
Hirundo tahitica,4.0,22
Hirundo tahitica,5.0,22
Hirundo tahitica,6.0,14
Hirundo tahitica,7.0,24
Hirundo tahitica,8.0,21
Hirundo tahitica,9.0,27
Hirundo tahitica,10.0,38
Hirundo tahitica,11.0,67
Hirundo tahitica,12.0,105
Hydrophasianus chirurgus,1.0,158
Hydrophasianus chirurgus,2.0,147
Hydrophasianus chirurgus,3.0,90
Hydrophasianus chirurgus,4.0,38
Hydrophasianus chirurgus,5.0,17
Hydrophasianus chirurgus,6.0,6
Hydrophasianus chirurgus,8.0,3
Hydrophasianus chirurgus,9.0,8
Hydrophasianus chirurgus,10.0,8
Hydrophasianus chirurgus,11.0,35
Hydrophasianus chirurgus,12.0,154
Hypothymis azurea,1.0,366
Hypothymis azurea,2.0,491
Hypothymis azurea,3.0,381
Hypothymis azurea,4.0,265
Hypothymis azurea,5.0,254
Hypothymis azurea,6.0,223
Hypothymis azurea,7.0,170
Hypothymis azurea,8.0,123
Hypothymis azurea,9.0,200
Hypothymis azurea,10.0,359
Hypothymis azurea,11.0,373
Hypothymis azurea,12.0,646
Hypsipetes leucocephalus,12.0,1
Hypsipetes nicobariensis,1.0,10
Hypsipetes nicobariensis,2.0,8
Hypsipetes nicobariensis,3.0,8
Hypsipetes nicobariensis,5.0,38
Hypsipetes nicobariensis,6.0,36
Hypsipetes nicobariensis,9.0,8
Hypsipetes nicobariensis,10.0,34
Hypsipetes nicobariensis,11.0,8
Hypsipetes nicobariensis,12.0,6
Icthyophaga leucogaster,1.0,514
Icthyophaga leucogaster,2.0,535
Icthyophaga leucogaster,3.0,323
Icthyophaga leucogaster,4.0,193
Icthyophaga leucogaster,5.0,189
Icthyophaga leucogaster,6.0,121
Icthyophaga leucogaster,7.0,149
Icthyophaga leucogaster,8.0,122
Icthyophaga leucogaster,9.0,163
Icthyophaga leucogaster,10.0,288
Icthyophaga leucogaster,11.0,382
Icthyophaga leucogaster,12.0,530
Iduna aedon,1.0,22
Iduna aedon,2.0,15
Iduna aedon,3.0,16
Iduna aedon,4.0,12
Iduna aedon,10.0,1
Iduna aedon,11.0,12
Iduna aedon,12.0,15
Iduna caligata,2.0,2
Iduna caligata,11.0,2
Iduna caligata,12.0,2
Irena puella,1.0,379
Irena puella,2.0,410
Irena puella,3.0,237
Irena puella,4.0,149
Irena puella,5.0,108
Irena puella,6.0,66
Irena puella,7.0,86
Irena puella,8.0,113
Irena puella,9.0,150
Irena puella,10.0,333
Irena puella,11.0,461
Irena puella,12.0,516
Ixobrychus cinnamomeus,1.0,83
Ixobrychus cinnamomeus,2.0,45
Ixobrychus cinnamomeus,3.0,46
Ixobrychus cinnamomeus,4.0,22
Ixobrychus cinnamomeus,5.0,13
Ixobrychus cinnamomeus,6.0,15
Ixobrychus cinnamomeus,7.0,25
Ixobrychus cinnamomeus,8.0,21
Ixobrychus cinnamomeus,9.0,18
Ixobrychus cinnamomeus,10.0,21
Ixobrychus cinnamomeus,11.0,40
Ixobrychus cinnamomeus,12.0,68
Ixobrychus sinensis,1.0,219
Ixobrychus sinensis,2.0,144
Ixobrychus sinensis,3.0,125
Ixobrychus sinensis,4.0,65
Ixobrychus sinensis,5.0,26
Ixobrychus sinensis,6.0,2
Ixobrychus sinensis,7.0,5
Ixobrychus sinensis,9.0,1
Ixobrychus sinensis,10.0,28
Ixobrychus sinensis,11.0,82
Ixobrychus sinensis,12.0,167
Ixos nicobariensis,1.0,4
Ixos nicobariensis,2.0,3
Ixos nicobariensis,3.0,2
Ixos nicobariensis,4.0,1
Ixos nicobariensis,5.0,14
Ixos nicobariensis,6.0,7
Ixos nicobariensis,9.0,5
Ixos nicobariensis,10.0,8
Ixos nicobariensis,12.0,9
Jynx torquilla,1.0,14
Jynx torquilla,2.0,5
Jynx torquilla,10.0,7
Jynx torquilla,11.0,4
Jynx torquilla,12.0,16
Lalage melaschistos,12.0,2
Lalage nigra,1.0,7
Lalage nigra,2.0,3
Lalage nigra,3.0,4
Lalage nigra,5.0,24
Lalage nigra,6.0,7
Lalage nigra,10.0,13
Lalage nigra,12.0,5
Lanius cristatus,1.0,874
Lanius cristatus,2.0,1004
Lanius cristatus,3.0,678
Lanius cristatus,4.0,381
Lanius cristatus,5.0,104
Lanius cristatus,9.0,126
Lanius cristatus,10.0,818
Lanius cristatus,11.0,996
Lanius cristatus,12.0,1052
Larus fuscus,12.0,3
Larvivora cyane,1.0,1
Larvivora cyane,4.0,2
Larvivora cyane,12.0,2
Lewinia striata,1.0,63
Lewinia striata,2.0,59
Lewinia striata,3.0,64
Lewinia striata,4.0,51
Lewinia striata,5.0,50
Lewinia striata,6.0,16
Lewinia striata,7.0,2
Lewinia striata,8.0,16
Lewinia striata,9.0,20
Lewinia striata,10.0,20
Lewinia striata,11.0,42
Lewinia striata,12.0,55
Limicola falcinellus,1.0,6
Limicola falcinellus,2.0,4
Limicola falcinellus,3.0,1
Limicola falcinellus,9.0,2
Limicola falcinellus,10.0,1
Limicola falcinellus,11.0,6
Limicola falcinellus,12.0,8
Limnodromus semipalmatus,12.0,2
Limosa lapponica,1.0,71
Limosa lapponica,2.0,19
Limosa lapponica,3.0,19
Limosa lapponica,4.0,12
Limosa lapponica,9.0,5
Limosa lapponica,10.0,11
Limosa lapponica,11.0,22
Limosa lapponica,12.0,41
Limosa limosa,1.0,45
Limosa limosa,2.0,16
Limosa limosa,3.0,9
Limosa limosa,6.0,1
Limosa limosa,9.0,2
Limosa limosa,11.0,29
Limosa limosa,12.0,32
Locustella certhiola,1.0,5
Locustella certhiola,2.0,3
Locustella certhiola,3.0,5
Locustella certhiola,5.0,2
Locustella certhiola,11.0,2
Locustella certhiola,12.0,12
Locustella lanceolata,1.0,5
Locustella lanceolata,2.0,8
Locustella lanceolata,3.0,1
Locustella lanceolata,4.0,2
Locustella lanceolata,5.0,2
Locustella lanceolata,10.0,6
Locustella lanceolata,11.0,2
Locustella lanceolata,12.0,18
Lonchura punctulata,1.0,29
Lonchura punctulata,2.0,51
Lonchura punctulata,3.0,29
Lonchura punctulata,4.0,29
Lonchura punctulata,5.0,34
Lonchura punctulata,6.0,12
Lonchura punctulata,7.0,31
Lonchura punctulata,8.0,43
Lonchura punctulata,9.0,59
Lonchura punctulata,10.0,73
Lonchura punctulata,11.0,47
Lonchura punctulata,12.0,38
Lonchura striata,1.0,165
Lonchura striata,2.0,184
Lonchura striata,3.0,181
Lonchura striata,4.0,94
Lonchura striata,5.0,103
Lonchura striata,6.0,98
Lonchura striata,7.0,94
Lonchura striata,8.0,80
Lonchura striata,9.0,125
Lonchura striata,10.0,249
Lonchura striata,11.0,213
Lonchura striata,12.0,259
Loriculus vernalis,1.0,607
Loriculus vernalis,2.0,613
Loriculus vernalis,3.0,367
Loriculus vernalis,4.0,256
Loriculus vernalis,5.0,220
Loriculus vernalis,6.0,167
Loriculus vernalis,7.0,196
Loriculus vernalis,8.0,191
Loriculus vernalis,9.0,248
Loriculus vernalis,10.0,491
Loriculus vernalis,11.0,543
Loriculus vernalis,12.0,777
Luscinia calliope,4.0,1
Luscinia cyane,1.0,1
Luscinia cyane,2.0,1
Luscinia cyane,4.0,1
Luscinia svecica,1.0,2
Luscinia svecica,2.0,13
Luscinia svecica,3.0,7
Luscinia svecica,4.0,6
Luscinia svecica,10.0,3
Luscinia svecica,11.0,2
Luscinia svecica,12.0,4
Lymnocryptes minimus,1.0,3
Macropygia rufipennis,1.0,233
Macropygia rufipennis,2.0,175
Macropygia rufipennis,3.0,229
Macropygia rufipennis,4.0,107
Macropygia rufipennis,5.0,104
Macropygia rufipennis,6.0,57
Macropygia rufipennis,7.0,36
Macropygia rufipennis,8.0,16
Macropygia rufipennis,9.0,45
Macropygia rufipennis,10.0,91
Macropygia rufipennis,11.0,120
Macropygia rufipennis,12.0,173
Mareca penelope,1.0,2
Mareca penelope,2.0,2
Mareca penelope,11.0,2
Mareca penelope,12.0,6
Megapodius nicobariensis,1.0,12
Megapodius nicobariensis,2.0,3
Megapodius nicobariensis,3.0,28
Megapodius nicobariensis,4.0,6
Megapodius nicobariensis,5.0,11
Megapodius nicobariensis,6.0,17
Megapodius nicobariensis,7.0,2
Megapodius nicobariensis,9.0,6
Megapodius nicobariensis,10.0,19
Megapodius nicobariensis,11.0,4
Megapodius nicobariensis,12.0,25
Meleagris gallopavo,1.0,2
Melopsittacus undulatus,9.0,2
Melopsittacus undulatus,11.0,2
Merops leschenaulti,1.0,419
Merops leschenaulti,2.0,447
Merops leschenaulti,3.0,257
Merops leschenaulti,4.0,131
Merops leschenaulti,5.0,68
Merops leschenaulti,6.0,59
Merops leschenaulti,7.0,99
Merops leschenaulti,8.0,61
Merops leschenaulti,9.0,105
Merops leschenaulti,10.0,298
Merops leschenaulti,11.0,389
Merops leschenaulti,12.0,505
Merops persicus,8.0,4
Merops persicus,9.0,13
Merops persicus,10.0,7
Merops persicus,11.0,3
Merops philippinus,1.0,360
Merops philippinus,2.0,312
Merops philippinus,3.0,119
Merops philippinus,4.0,24
Merops philippinus,5.0,29
Merops philippinus,6.0,10
Merops philippinus,8.0,2
Merops philippinus,9.0,32
Merops philippinus,10.0,289
Merops philippinus,11.0,455
Merops philippinus,12.0,470
Microcarbo niger,2.0,4
Microcarbo niger,3.0,1
Microcarbo niger,4.0,5
Microcarbo niger,5.0,1
Microcarbo niger,11.0,2
Microcarbo niger,12.0,4
Microtarsus eyton,1.0,116
Microtarsus eyton,2.0,124
Microtarsus eyton,3.0,91
Microtarsus eyton,4.0,68
Microtarsus eyton,5.0,52
Microtarsus eyton,6.0,23
Microtarsus eyton,7.0,42
Microtarsus eyton,8.0,41
Microtarsus eyton,9.0,45
Microtarsus eyton,10.0,98
Microtarsus eyton,11.0,126
Microtarsus eyton,12.0,153
Microtarsus fuscoflavescens,1.0,111
Microtarsus fuscoflavescens,2.0,110
Microtarsus fuscoflavescens,3.0,87
Microtarsus fuscoflavescens,4.0,66
Microtarsus fuscoflavescens,5.0,51
Microtarsus fuscoflavescens,6.0,24
Microtarsus fuscoflavescens,7.0,42
Microtarsus fuscoflavescens,8.0,38
Microtarsus fuscoflavescens,9.0,45
Microtarsus fuscoflavescens,10.0,97
Microtarsus fuscoflavescens,11.0,126
Microtarsus fuscoflavescens,12.0,147
Milvus migrans,1.0,4
Milvus migrans,2.0,4
Milvus migrans,3.0,7
Milvus migrans,10.0,2
Milvus migrans,11.0,11
Milvus migrans,12.0,18
Monticola solitarius,2.0,3
Motacilla alba,1.0,15
Motacilla alba,2.0,19
Motacilla alba,3.0,36
Motacilla alba,4.0,3
Motacilla alba,11.0,10
Motacilla alba,12.0,30
Motacilla cinerea,1.0,444
Motacilla cinerea,2.0,449
Motacilla cinerea,3.0,198
Motacilla cinerea,4.0,16
Motacilla cinerea,5.0,3
Motacilla cinerea,6.0,2
Motacilla cinerea,7.0,2
Motacilla cinerea,8.0,48
Motacilla cinerea,9.0,192
Motacilla cinerea,10.0,431
Motacilla cinerea,11.0,516
Motacilla cinerea,12.0,553
Motacilla citreola,1.0,13
Motacilla citreola,3.0,3
Motacilla citreola,4.0,5
Motacilla citreola,12.0,2
Motacilla flava,2.0,2
Motacilla tschutschensis,1.0,343
Motacilla tschutschensis,2.0,378
Motacilla tschutschensis,3.0,244
Motacilla tschutschensis,4.0,105
Motacilla tschutschensis,5.0,16
Motacilla tschutschensis,8.0,2
Motacilla tschutschensis,9.0,36
Motacilla tschutschensis,10.0,219
Motacilla tschutschensis,11.0,240
Motacilla tschutschensis,12.0,380
Muscicapa dauurica,1.0,123
Muscicapa dauurica,2.0,228
Muscicapa dauurica,3.0,116
Muscicapa dauurica,4.0,39
Muscicapa dauurica,9.0,6
Muscicapa dauurica,10.0,102
Muscicapa dauurica,11.0,147
Muscicapa dauurica,12.0,161
Muscicapa ferruginea,4.0,3
Muscicapa griseisticta,11.0,2
Muscicapa latirostris,1.0,108
Muscicapa latirostris,2.0,118
Muscicapa latirostris,3.0,86
Muscicapa latirostris,4.0,18
Muscicapa latirostris,9.0,2
Muscicapa latirostris,10.0,48
Muscicapa latirostris,11.0,78
Muscicapa latirostris,12.0,137
Muscicapa sibirica,2.0,6
Muscicapa sibirica,4.0,3
Muscicapa sibirica,11.0,1
Muscicapa sibirica,12.0,2
Muscicapa striata,11.0,2
Nettapus coromandelianus,1.0,200
Nettapus coromandelianus,2.0,140
Nettapus coromandelianus,3.0,121
Nettapus coromandelianus,4.0,35
Nettapus coromandelianus,5.0,48
Nettapus coromandelianus,6.0,18
Nettapus coromandelianus,7.0,7
Nettapus coromandelianus,8.0,15
Nettapus coromandelianus,9.0,19
Nettapus coromandelianus,10.0,24
Nettapus coromandelianus,11.0,64
Nettapus coromandelianus,12.0,176
Ninox affinis,1.0,155
Ninox affinis,2.0,193
Ninox affinis,3.0,112
Ninox affinis,4.0,48
Ninox affinis,5.0,34
Ninox affinis,6.0,13
Ninox affinis,7.0,31
Ninox affinis,8.0,7
Ninox affinis,9.0,30
Ninox affinis,10.0,111
Ninox affinis,11.0,114
Ninox affinis,12.0,192
Ninox obscura,1.0,189
Ninox obscura,2.0,217
Ninox obscura,3.0,151
Ninox obscura,4.0,92
Ninox obscura,5.0,48
Ninox obscura,6.0,23
Ninox obscura,7.0,35
Ninox obscura,8.0,33
Ninox obscura,9.0,48
Ninox obscura,10.0,123
Ninox obscura,11.0,168
Ninox obscura,12.0,250
Ninox scutulata,1.0,11
Ninox scutulata,2.0,21
Ninox scutulata,3.0,52
Ninox scutulata,4.0,6
Ninox scutulata,5.0,15
Ninox scutulata,6.0,13
Ninox scutulata,7.0,3
Ninox scutulata,8.0,2
Ninox scutulata,9.0,13
Ninox scutulata,10.0,12
Ninox scutulata,11.0,6
Ninox scutulata,12.0,30
Nisaetus cirrhatus,1.0,283
Nisaetus cirrhatus,2.0,272
Nisaetus cirrhatus,3.0,186
Nisaetus cirrhatus,4.0,74
Nisaetus cirrhatus,5.0,53
Nisaetus cirrhatus,6.0,40
Nisaetus cirrhatus,7.0,64
Nisaetus cirrhatus,8.0,66
Nisaetus cirrhatus,9.0,92
Nisaetus cirrhatus,10.0,157
Nisaetus cirrhatus,11.0,237
Nisaetus cirrhatus,12.0,333
Numenius arquata,1.0,227
Numenius arquata,2.0,127
Numenius arquata,3.0,90
Numenius arquata,4.0,45
Numenius arquata,5.0,1
Numenius arquata,7.0,2
Numenius arquata,8.0,10
Numenius arquata,9.0,34
Numenius arquata,10.0,80
Numenius arquata,11.0,132
Numenius arquata,12.0,243
Numenius phaeopus,1.0,671
Numenius phaeopus,2.0,516
Numenius phaeopus,3.0,412
Numenius phaeopus,4.0,190
Numenius phaeopus,5.0,44
Numenius phaeopus,6.0,14
Numenius phaeopus,7.0,8
Numenius phaeopus,8.0,67
Numenius phaeopus,9.0,155
Numenius phaeopus,10.0,276
Numenius phaeopus,11.0,435
Numenius phaeopus,12.0,565
Nycticorax nycticorax,2.0,1
Nycticorax nycticorax,3.0,15
Nycticorax nycticorax,4.0,2
Nycticorax nycticorax,5.0,4
Nycticorax nycticorax,10.0,4
Nycticorax nycticorax,11.0,15
Nycticorax nycticorax,12.0,1
Oceanites oceanicus,3.0,2
Onychoprion anaethetus,8.0,2
Onychoprion anaethetus,9.0,5
Onychoprion anaethetus,10.0,7
Onychoprion anaethetus,12.0,10
Onychoprion fuscatus,6.0,3
Onychoprion fuscatus,10.0,7
Onychoprion fuscatus,11.0,2
Oriolus chinensis,1.0,589
Oriolus chinensis,2.0,656
Oriolus chinensis,3.0,494
Oriolus chinensis,4.0,281
Oriolus chinensis,5.0,219
Oriolus chinensis,6.0,167
Oriolus chinensis,7.0,160
Oriolus chinensis,8.0,168
Oriolus chinensis,9.0,253
Oriolus chinensis,10.0,459
Oriolus chinensis,11.0,579
Oriolus chinensis,12.0,793
Oriolus kundoo,11.0,1
Oriolus kundoo,12.0,1
Oriolus xanthornus,1.0,32
Oriolus xanthornus,2.0,61
Oriolus xanthornus,3.0,38
Oriolus xanthornus,4.0,28
Oriolus xanthornus,5.0,10
Oriolus xanthornus,6.0,4
Oriolus xanthornus,7.0,9
Oriolus xanthornus,8.0,9
Oriolus xanthornus,9.0,14
Oriolus xanthornus,10.0,16
Oriolus xanthornus,11.0,38
Oriolus xanthornus,12.0,34
Ortygornis pondicerianus,1.0,8
Ortygornis pondicerianus,2.0,4
Ortygornis pondicerianus,3.0,8
Ortygornis pondicerianus,4.0,6
Ortygornis pondicerianus,5.0,6
Ortygornis pondicerianus,6.0,2
Ortygornis pondicerianus,8.0,2
Ortygornis pondicerianus,9.0,2
Ortygornis pondicerianus,11.0,2
Ortygornis pondicerianus,12.0,20
Otus alius,1.0,10
Otus alius,2.0,10
Otus alius,3.0,55
Otus alius,4.0,13
Otus alius,5.0,2
Otus alius,6.0,8
Otus alius,7.0,2
Otus alius,9.0,8
Otus alius,10.0,12
Otus alius,11.0,12
Otus alius,12.0,40
Otus balli,1.0,155
Otus balli,2.0,149
Otus balli,3.0,109
Otus balli,4.0,48
Otus balli,5.0,29
Otus balli,6.0,5
Otus balli,7.0,21
Otus balli,8.0,15
Otus balli,9.0,34
Otus balli,10.0,86
Otus balli,11.0,82
Otus balli,12.0,144
Otus sunia,1.0,158
Otus sunia,2.0,200
Otus sunia,3.0,144
Otus sunia,4.0,76
Otus sunia,5.0,53
Otus sunia,6.0,24
Otus sunia,7.0,44
Otus sunia,8.0,18
Otus sunia,9.0,49
Otus sunia,10.0,120
Otus sunia,11.0,141
Otus sunia,12.0,205
Pachycephala cinerea,1.0,179
Pachycephala cinerea,2.0,184
Pachycephala cinerea,3.0,176
Pachycephala cinerea,4.0,167
Pachycephala cinerea,5.0,91
Pachycephala cinerea,6.0,80
Pachycephala cinerea,7.0,59
Pachycephala cinerea,8.0,39
Pachycephala cinerea,9.0,62
Pachycephala cinerea,10.0,53
Pachycephala cinerea,11.0,85
Pachycephala cinerea,12.0,121
Pandion haliaetus,1.0,22
Pandion haliaetus,2.0,9
Pandion haliaetus,3.0,7
Pandion haliaetus,5.0,2
Pandion haliaetus,9.0,2
Pandion haliaetus,10.0,3
Pandion haliaetus,11.0,8
Pandion haliaetus,12.0,23
Passer domesticus,1.0,447
Passer domesticus,2.0,673
Passer domesticus,3.0,342
Passer domesticus,4.0,264
Passer domesticus,5.0,200
Passer domesticus,6.0,137
Passer domesticus,7.0,137
Passer domesticus,8.0,162
Passer domesticus,9.0,209
Passer domesticus,10.0,372
Passer domesticus,11.0,362
Passer domesticus,12.0,453
Passer montanus,2.0,2
Pastor roseus,1.0,29
Pastor roseus,2.0,12
Pastor roseus,3.0,3
Pastor roseus,10.0,11
Pastor roseus,11.0,12
Pastor roseus,12.0,46
Pavo cristatus,1.0,2
Pavo cristatus,2.0,11
Pavo cristatus,3.0,11
Pavo cristatus,4.0,5
Pavo cristatus,5.0,2
Pavo cristatus,6.0,4
Pavo cristatus,7.0,4
Pavo cristatus,8.0,2
Pavo cristatus,10.0,5
Pavo cristatus,11.0,3
Pavo cristatus,12.0,6
Pelargopsis capensis,1.0,495
Pelargopsis capensis,2.0,486
Pelargopsis capensis,3.0,395
Pelargopsis capensis,4.0,195
Pelargopsis capensis,5.0,154
Pelargopsis capensis,6.0,137
Pelargopsis capensis,7.0,147
Pelargopsis capensis,8.0,87
Pelargopsis capensis,9.0,152
Pelargopsis capensis,10.0,218
Pelargopsis capensis,11.0,311
Pelargopsis capensis,12.0,514
Pericrocotus cantonensis,1.0,1
Pericrocotus cantonensis,11.0,3
Pericrocotus cantonensis,12.0,5
Pericrocotus cinnamomeus,1.0,382
Pericrocotus cinnamomeus,2.0,424
Pericrocotus cinnamomeus,3.0,270
Pericrocotus cinnamomeus,4.0,171
Pericrocotus cinnamomeus,5.0,134
Pericrocotus cinnamomeus,6.0,88
Pericrocotus cinnamomeus,7.0,115
Pericrocotus cinnamomeus,8.0,112
Pericrocotus cinnamomeus,9.0,137
Pericrocotus cinnamomeus,10.0,282
Pericrocotus cinnamomeus,11.0,304
Pericrocotus cinnamomeus,12.0,482
Pericrocotus divaricatus,1.0,76
Pericrocotus divaricatus,2.0,49
Pericrocotus divaricatus,3.0,44
Pericrocotus divaricatus,4.0,5
Pericrocotus divaricatus,10.0,3
Pericrocotus divaricatus,11.0,53
Pericrocotus divaricatus,12.0,118
Pericrocotus flammeus,5.0,1
Pericrocotus speciosus,1.0,363
Pericrocotus speciosus,2.0,372
Pericrocotus speciosus,3.0,257
Pericrocotus speciosus,4.0,169
Pericrocotus speciosus,5.0,97
Pericrocotus speciosus,6.0,83
Pericrocotus speciosus,7.0,110
Pericrocotus speciosus,8.0,110
Pericrocotus speciosus,9.0,131
Pericrocotus speciosus,10.0,259
Pericrocotus speciosus,11.0,351
Pericrocotus speciosus,12.0,466
Pernis ptilorhynchus,1.0,19
Pernis ptilorhynchus,2.0,20
Pernis ptilorhynchus,3.0,10
Pernis ptilorhynchus,4.0,1
Pernis ptilorhynchus,5.0,5
Pernis ptilorhynchus,10.0,8
Pernis ptilorhynchus,11.0,31
Pernis ptilorhynchus,12.0,25
Phaethon lepturus,1.0,6
Phaethon lepturus,2.0,2
Phaethon lepturus,4.0,2
Phaethon lepturus,10.0,3
Phalacrocorax fuscicollis,12.0,2
Philomachus pugnax,9.0,1
Philomachus pugnax,11.0,1
Phylloscopus affinis,2.0,3
Phylloscopus borealis,1.0,32
Phylloscopus borealis,2.0,1
Phylloscopus borealis,3.0,13
Phylloscopus borealis,4.0,20
Phylloscopus borealis,5.0,2
Phylloscopus borealis,10.0,5
Phylloscopus borealis,11.0,19
Phylloscopus borealis,12.0,57
Phylloscopus borealoides,2.0,2
Phylloscopus borealoides,3.0,3
Phylloscopus borealoides,11.0,2
Phylloscopus borealoides,12.0,24
Phylloscopus fuscatus,1.0,303
Phylloscopus fuscatus,2.0,302
Phylloscopus fuscatus,3.0,185
Phylloscopus fuscatus,4.0,100
Phylloscopus fuscatus,5.0,8
Phylloscopus fuscatus,10.0,62
Phylloscopus fuscatus,11.0,305
Phylloscopus fuscatus,12.0,373
Phylloscopus inornatus,1.0,32
Phylloscopus inornatus,2.0,25
Phylloscopus inornatus,3.0,16
Phylloscopus inornatus,4.0,9
Phylloscopus inornatus,11.0,24
Phylloscopus inornatus,12.0,49
Phylloscopus magnirostris,4.0,3
Phylloscopus magnirostris,12.0,7
Phylloscopus nitidus,1.0,1
Phylloscopus plumbeitarsus,2.0,1
Phylloscopus tenellipes,1.0,6
Phylloscopus tenellipes,12.0,2
Phylloscopus trochiloides,1.0,12
Phylloscopus trochiloides,2.0,14
Phylloscopus trochiloides,3.0,2
Phylloscopus trochiloides,4.0,3
Phylloscopus trochiloides,10.0,2
Phylloscopus trochiloides,11.0,31
Phylloscopus trochiloides,12.0,61
Phylloscopus trochilus,10.0,2
Pitta abbotti,1.0,1
Pitta abbotti,2.0,9
Pitta abbotti,3.0,20
Pitta abbotti,4.0,3
Pitta abbotti,5.0,14
Pitta abbotti,6.0,11
Pitta abbotti,7.0,2
Pitta abbotti,8.0,1
Pitta abbotti,9.0,5
Pitta abbotti,10.0,6
Pitta abbotti,12.0,34
Pitta moluccensis,4.0,6
Pitta moluccensis,5.0,2
Pitta moluccensis,11.0,2
Pitta sordida,1.0,1
Pitta sordida,2.0,2
Pitta sordida,3.0,18
Pitta sordida,4.0,13
Pitta sordida,5.0,5
Pitta sordida,6.0,5
Pitta sordida,9.0,1
Pitta sordida,10.0,1
Pitta sordida,12.0,2
Pitta vieillot,1.0,2
Pitta vieillot,2.0,9
Pitta vieillot,3.0,20
Pitta vieillot,4.0,3
Pitta vieillot,5.0,14
Pitta vieillot,6.0,11
Pitta vieillot,7.0,2
Pitta vieillot,8.0,1
Pitta vieillot,9.0,6
Pitta vieillot,10.0,6
Pitta vieillot,12.0,34
Plegadis falcinellus,2.0,2
Plegadis falcinellus,9.0,3
Pluvialis fulva,1.0,698
Pluvialis fulva,2.0,617
Pluvialis fulva,3.0,368
Pluvialis fulva,4.0,162
Pluvialis fulva,5.0,19
Pluvialis fulva,6.0,6
Pluvialis fulva,7.0,7
Pluvialis fulva,8.0,32
Pluvialis fulva,9.0,155
Pluvialis fulva,10.0,325
Pluvialis fulva,11.0,466
Pluvialis fulva,12.0,702
Pluvialis squatarola,1.0,33
Pluvialis squatarola,2.0,25
Pluvialis squatarola,3.0,3
Pluvialis squatarola,4.0,5
Pluvialis squatarola,8.0,5
Pluvialis squatarola,11.0,5
Pluvialis squatarola,12.0,8
Poliolimnas cinereus,1.0,4
Poliolimnas cinereus,2.0,6
Poliolimnas cinereus,3.0,6
Poliolimnas cinereus,12.0,2
Porphyrio poliocephalus,1.0,162
Porphyrio poliocephalus,2.0,174
Porphyrio poliocephalus,3.0,104
Porphyrio poliocephalus,4.0,62
Porphyrio poliocephalus,5.0,64
Porphyrio poliocephalus,6.0,20
Porphyrio poliocephalus,7.0,35
Porphyrio poliocephalus,8.0,17
Porphyrio poliocephalus,9.0,42
Porphyrio poliocephalus,10.0,75
Porphyrio poliocephalus,11.0,97
Porphyrio poliocephalus,12.0,122
Porphyrio porphyrio,1.0,180
Porphyrio porphyrio,2.0,127
Porphyrio porphyrio,3.0,91
Porphyrio porphyrio,4.0,47
Porphyrio porphyrio,5.0,23
Porphyrio porphyrio,6.0,17
Porphyrio porphyrio,7.0,20
Porphyrio porphyrio,8.0,21
Porphyrio porphyrio,9.0,29
Porphyrio porphyrio,10.0,34
Porphyrio porphyrio,11.0,71
Porphyrio porphyrio,12.0,154
Porzana cinerea,1.0,8
Porzana cinerea,2.0,6
Porzana cinerea,3.0,2
Porzana cinerea,12.0,6
Porzana fusca,1.0,23
Porzana fusca,2.0,22
Porzana fusca,3.0,23
Porzana fusca,4.0,14
Porzana fusca,6.0,1
Porzana fusca,10.0,1
Porzana fusca,11.0,1
Porzana fusca,12.0,11
Porzana pusilla,1.0,12
Porzana pusilla,2.0,14
Porzana pusilla,3.0,42
Porzana pusilla,4.0,15
Porzana pusilla,5.0,1
Porzana pusilla,11.0,1
Porzana pusilla,12.0,5
Psittacula alexandri,1.0,533
Psittacula alexandri,2.0,531
Psittacula alexandri,3.0,375
Psittacula alexandri,4.0,241
Psittacula alexandri,5.0,201
Psittacula alexandri,6.0,102
Psittacula alexandri,7.0,130
Psittacula alexandri,8.0,127
Psittacula alexandri,9.0,172
Psittacula alexandri,10.0,389
Psittacula alexandri,11.0,470
Psittacula alexandri,12.0,693
Psittacula caniceps,1.0,28
Psittacula caniceps,2.0,30
Psittacula caniceps,3.0,99
Psittacula caniceps,4.0,10
Psittacula caniceps,5.0,37
Psittacula caniceps,6.0,29
Psittacula caniceps,7.0,5
Psittacula caniceps,9.0,13
Psittacula caniceps,10.0,24
Psittacula caniceps,11.0,28
Psittacula caniceps,12.0,135
Psittacula eupatria,1.0,286
Psittacula eupatria,2.0,279
Psittacula eupatria,3.0,229
Psittacula eupatria,4.0,111
Psittacula eupatria,5.0,59
Psittacula eupatria,6.0,60
Psittacula eupatria,7.0,56
Psittacula eupatria,8.0,34
Psittacula eupatria,9.0,26
Psittacula eupatria,10.0,175
Psittacula eupatria,11.0,310
Psittacula eupatria,12.0,457
Psittacula longicauda,1.0,535
Psittacula longicauda,2.0,638
Psittacula longicauda,3.0,472
Psittacula longicauda,4.0,262
Psittacula longicauda,5.0,217
Psittacula longicauda,6.0,137
Psittacula longicauda,7.0,169
Psittacula longicauda,8.0,193
Psittacula longicauda,9.0,231
Psittacula longicauda,10.0,463
Psittacula longicauda,11.0,562
Psittacula longicauda,12.0,839
Puffinus carneipes,10.0,1
Puffinus pacificus,5.0,2
Puffinus pacificus,10.0,1
Pycnonotus fboie,12.0,1
Pycnonotus fuscoflavescens,1.0,209
Pycnonotus fuscoflavescens,2.0,182
Pycnonotus fuscoflavescens,3.0,158
Pycnonotus fuscoflavescens,4.0,94
Pycnonotus fuscoflavescens,5.0,44
Pycnonotus fuscoflavescens,6.0,29
Pycnonotus fuscoflavescens,7.0,60
Pycnonotus fuscoflavescens,8.0,37
Pycnonotus fuscoflavescens,9.0,71
Pycnonotus fuscoflavescens,10.0,127
Pycnonotus fuscoflavescens,11.0,143
Pycnonotus fuscoflavescens,12.0,230
Pycnonotus jocosus,1.0,999
Pycnonotus jocosus,2.0,1423
Pycnonotus jocosus,3.0,823
Pycnonotus jocosus,4.0,604
Pycnonotus jocosus,5.0,485
Pycnonotus jocosus,6.0,338
Pycnonotus jocosus,7.0,368
Pycnonotus jocosus,8.0,355
Pycnonotus jocosus,9.0,456
Pycnonotus jocosus,10.0,841
Pycnonotus jocosus,11.0,949
Pycnonotus jocosus,12.0,1231
Rallina canningi,1.0,137
Rallina canningi,2.0,121
Rallina canningi,3.0,108
Rallina canningi,4.0,75
Rallina canningi,5.0,43
Rallina canningi,6.0,20
Rallina canningi,7.0,29
Rallina canningi,8.0,16
Rallina canningi,9.0,28
Rallina canningi,10.0,60
Rallina canningi,11.0,129
Rallina canningi,12.0,173
Rallina eurizonoides,4.0,9
Rallina fasciata,4.0,2
Rallina fasciata,5.0,4
Rhinomyias nicobaricus,1.0,2
Rhinomyias nicobaricus,2.0,1
Rhinomyias nicobaricus,3.0,9
Rhinomyias nicobaricus,4.0,6
Rhinomyias nicobaricus,5.0,1
Rhinomyias nicobaricus,6.0,2
Rhinomyias nicobaricus,12.0,3
Rhyticeros narcondami,1.0,40
Rhyticeros narcondami,2.0,9
Rhyticeros narcondami,3.0,10
Rhyticeros narcondami,4.0,8
Rhyticeros narcondami,5.0,2
Rhyticeros narcondami,7.0,1
Rhyticeros narcondami,10.0,4
Rhyticeros narcondami,11.0,1
Rhyticeros narcondami,12.0,33
Riparia riparia,2.0,2
Riparia riparia,3.0,2
Riparia riparia,9.0,2
Riparia riparia,10.0,2
Riparia riparia,12.0,10
Rostratula benghalensis,2.0,2
Rostratula benghalensis,3.0,3
Rostratula benghalensis,4.0,3
Rostratula benghalensis,12.0,3
Sarkidiornis melanotos,1.0,6
Sarkidiornis melanotos,9.0,3
Saxicola maurus,1.0,3
Saxicola maurus,12.0,2
Saxicola stejnegeri,1.0,70
Saxicola stejnegeri,2.0,79
Saxicola stejnegeri,3.0,41
Saxicola stejnegeri,4.0,7
Saxicola stejnegeri,10.0,9
Saxicola stejnegeri,11.0,28
Saxicola stejnegeri,12.0,59
Spatula clypeata,1.0,10
Spatula querquedula,1.0,10
Spatula querquedula,2.0,13
Spatula querquedula,3.0,6
Spatula querquedula,4.0,3
Spatula querquedula,11.0,2
Spatula querquedula,12.0,8
Spilornis cheela,1.0,217
Spilornis cheela,2.0,190
Spilornis cheela,3.0,142
Spilornis cheela,4.0,93
Spilornis cheela,5.0,53
Spilornis cheela,6.0,36
Spilornis cheela,7.0,38
Spilornis cheela,8.0,31
Spilornis cheela,9.0,51
Spilornis cheela,10.0,137
Spilornis cheela,11.0,182
Spilornis cheela,12.0,274
Spilornis elgini,1.0,307
Spilornis elgini,2.0,246
Spilornis elgini,3.0,174
Spilornis elgini,4.0,135
Spilornis elgini,5.0,85
Spilornis elgini,6.0,73
Spilornis elgini,7.0,43
Spilornis elgini,8.0,36
Spilornis elgini,9.0,48
Spilornis elgini,10.0,137
Spilornis elgini,11.0,180
Spilornis elgini,12.0,292
Spilornis klossi,1.0,14
Spilornis klossi,2.0,2
Spilornis klossi,3.0,51
Spilornis klossi,4.0,22
Spilornis klossi,5.0,19
Spilornis klossi,6.0,4
Spilornis klossi,7.0,9
Spilornis klossi,9.0,18
Spilornis klossi,10.0,11
Spilornis klossi,11.0,4
Spilornis klossi,12.0,37
Stercorarius parasiticus,10.0,6
Stercorarius pomarinus,3.0,1
Stercorarius pomarinus,10.0,2
Sterna dougallii,1.0,3
Sterna dougallii,3.0,6
Sterna dougallii,4.0,9
Sterna dougallii,5.0,13
Sterna dougallii,6.0,1
Sterna dougallii,8.0,4
Sterna dougallii,10.0,1
Sterna dougallii,11.0,5
Sterna dougallii,12.0,3
Sterna hirundo,1.0,2
Sterna hirundo,4.0,1
Sterna hirundo,9.0,3
Sterna hirundo,11.0,2
Sterna hirundo,12.0,4
Sterna sumatrana,1.0,113
Sterna sumatrana,2.0,73
Sterna sumatrana,3.0,224
Sterna sumatrana,4.0,208
Sterna sumatrana,5.0,169
Sterna sumatrana,6.0,124
Sterna sumatrana,7.0,115
Sterna sumatrana,8.0,86
Sterna sumatrana,9.0,97
Sterna sumatrana,10.0,104
Sterna sumatrana,11.0,38
Sterna sumatrana,12.0,65
Sternula albifrons,1.0,60
Sternula albifrons,2.0,19
Sternula albifrons,3.0,17
Sternula albifrons,4.0,24
Sternula albifrons,5.0,4
Sternula albifrons,7.0,2
Sternula albifrons,8.0,25
Sternula albifrons,9.0,65
Sternula albifrons,10.0,54
Sternula albifrons,11.0,24
Sternula albifrons,12.0,61
Streptopelia decaocto,10.0,2
Streptopelia orientalis,10.0,3
Streptopelia orientalis,11.0,2
Streptopelia tranquebarica,1.0,759
Streptopelia tranquebarica,2.0,933
Streptopelia tranquebarica,3.0,531
Streptopelia tranquebarica,4.0,351
Streptopelia tranquebarica,5.0,232
Streptopelia tranquebarica,6.0,201
Streptopelia tranquebarica,7.0,240
Streptopelia tranquebarica,8.0,250
Streptopelia tranquebarica,9.0,273
Streptopelia tranquebarica,10.0,488
Streptopelia tranquebarica,11.0,646
Streptopelia tranquebarica,12.0,901
Sturnia erythropygia,1.0,414
Sturnia erythropygia,2.0,505
Sturnia erythropygia,3.0,374
Sturnia erythropygia,4.0,288
Sturnia erythropygia,5.0,176
Sturnia erythropygia,6.0,150
Sturnia erythropygia,7.0,116
Sturnia erythropygia,8.0,66
Sturnia erythropygia,9.0,130
Sturnia erythropygia,10.0,297
Sturnia erythropygia,11.0,387
Sturnia erythropygia,12.0,601
Sturnus vulgaris,1.0,22
Sturnus vulgaris,2.0,3
Sturnus vulgaris,11.0,2
Sula dactylatra,12.0,3
Surniculus lugubris,1.0,5
Surniculus lugubris,2.0,8
Surniculus lugubris,4.0,6
Surniculus lugubris,8.0,2
Surniculus lugubris,11.0,2
Surniculus lugubris,12.0,4
Tachybaptus ruficollis,1.0,2
Tachybaptus ruficollis,2.0,5
Tachybaptus ruficollis,12.0,7
Tachyspiza butleri,1.0,2
Tachyspiza butleri,2.0,1
Tachyspiza butleri,5.0,1
Tachyspiza butleri,9.0,1
Tachyspiza butleri,10.0,4
Tachyspiza gularis,1.0,3
Tachyspiza gularis,2.0,2
Tachyspiza gularis,3.0,5
Tachyspiza gularis,4.0,2
Tachyspiza gularis,5.0,1
Tachyspiza gularis,10.0,2
Tachyspiza gularis,11.0,7
Tachyspiza gularis,12.0,16
Tachyspiza kaup,1.0,15
Tachyspiza kaup,2.0,14
Tachyspiza kaup,3.0,29
Tachyspiza kaup,4.0,11
Tachyspiza kaup,5.0,2
Tachyspiza kaup,8.0,1
Tachyspiza kaup,9.0,2
Tachyspiza kaup,10.0,17
Tachyspiza kaup,11.0,18
Tachyspiza kaup,12.0,36
Tachyspiza soloensis,1.0,12
Tachyspiza soloensis,2.0,13
Tachyspiza soloensis,3.0,24
Tachyspiza soloensis,4.0,10
Tachyspiza soloensis,10.0,14
Tachyspiza soloensis,11.0,15
Tachyspiza soloensis,12.0,24
Tachyspiza virgata,2.0,1
Tachyspiza virgata,3.0,2
Tachyspiza virgata,8.0,2
Tachyspiza virgata,9.0,1
Tachyspiza virgata,10.0,2
Tachyspiza virgata,11.0,1
Tadorna ferruginea,1.0,10
Tadorna ferruginea,2.0,4
Tadorna ferruginea,11.0,13
Tadorna ferruginea,12.0,7
Terpsiphone affinis,1.0,26
Terpsiphone affinis,2.0,13
Terpsiphone affinis,3.0,14
Terpsiphone affinis,4.0,7
Terpsiphone affinis,5.0,10
Terpsiphone affinis,6.0,8
Terpsiphone affinis,9.0,12
Terpsiphone affinis,10.0,10
Terpsiphone affinis,11.0,28
Terpsiphone affinis,12.0,24
Terpsiphone incei,2.0,2
Terpsiphone incei,3.0,2
Terpsiphone incei,10.0,4
Terpsiphone incei,11.0,6
Terpsiphone incei,12.0,4
Terpsiphone paradisi,1.0,7
Terpsiphone paradisi,2.0,6
Terpsiphone paradisi,3.0,9
Terpsiphone paradisi,4.0,4
Terpsiphone paradisi,5.0,1
Terpsiphone paradisi,6.0,3
Terpsiphone paradisi,9.0,3
Terpsiphone paradisi,10.0,6
Terpsiphone paradisi,11.0,9
Terpsiphone paradisi,12.0,14
Thalasseus bengalensis,1.0,77
Thalasseus bengalensis,2.0,61
Thalasseus bengalensis,3.0,19
Thalasseus bengalensis,4.0,24
Thalasseus bengalensis,5.0,2
Thalasseus bengalensis,7.0,6
Thalasseus bengalensis,8.0,3
Thalasseus bengalensis,10.0,22
Thalasseus bengalensis,11.0,38
Thalasseus bengalensis,12.0,88
Thalasseus bergii,1.0,11
Thalasseus bergii,2.0,3
Thalasseus bergii,3.0,9
Thalasseus bergii,4.0,9
Thalasseus bergii,5.0,8
Thalasseus bergii,6.0,3
Thalasseus bergii,10.0,12
Thalasseus bergii,11.0,3
Thalasseus bergii,12.0,10
Thinornis dubius,1.0,31
Thinornis dubius,2.0,33
Thinornis dubius,3.0,28
Thinornis dubius,4.0,5
Thinornis dubius,8.0,1
Thinornis dubius,10.0,7
Thinornis dubius,11.0,19
Thinornis dubius,12.0,20
Thinornis grgray,1.0,31
Thinornis grgray,2.0,46
Thinornis grgray,3.0,28
Thinornis grgray,4.0,5
Thinornis grgray,8.0,1
Thinornis grgray,10.0,7
Thinornis grgray,11.0,19
Thinornis grgray,12.0,21
Todiramphus chloris,1.0,827
Todiramphus chloris,2.0,748
Todiramphus chloris,3.0,597
Todiramphus chloris,4.0,325
Todiramphus chloris,5.0,304
Todiramphus chloris,6.0,256
Todiramphus chloris,7.0,223
Todiramphus chloris,8.0,199
Todiramphus chloris,9.0,329
Todiramphus chloris,10.0,520
Todiramphus chloris,11.0,604
Todiramphus chloris,12.0,783
Treron chloropterus,1.0,402
Treron chloropterus,2.0,362
Treron chloropterus,3.0,354
Treron chloropterus,4.0,192
Treron chloropterus,5.0,133
Treron chloropterus,6.0,96
Treron chloropterus,7.0,76
Treron chloropterus,8.0,65
Treron chloropterus,9.0,90
Treron chloropterus,10.0,214
Treron chloropterus,11.0,245
Treron chloropterus,12.0,513
Tringa brevipes,11.0,3
Tringa erythropus,1.0,17
Tringa erythropus,2.0,7
Tringa erythropus,3.0,6
Tringa erythropus,4.0,4
Tringa erythropus,9.0,3
Tringa erythropus,10.0,4
Tringa erythropus,11.0,7
Tringa erythropus,12.0,6
Tringa glareola,1.0,330
Tringa glareola,2.0,289
Tringa glareola,3.0,191
Tringa glareola,4.0,69
Tringa glareola,5.0,5
Tringa glareola,6.0,1
Tringa glareola,7.0,3
Tringa glareola,8.0,3
Tringa glareola,9.0,27
Tringa glareola,10.0,49
Tringa glareola,11.0,134
Tringa glareola,12.0,245
Tringa nebularia,1.0,144
Tringa nebularia,2.0,98
Tringa nebularia,3.0,70
Tringa nebularia,4.0,18
Tringa nebularia,5.0,3
Tringa nebularia,8.0,2
Tringa nebularia,9.0,3
Tringa nebularia,10.0,12
Tringa nebularia,11.0,53
Tringa nebularia,12.0,100
Tringa ochropus,1.0,73
Tringa ochropus,2.0,52
Tringa ochropus,3.0,61
Tringa ochropus,4.0,17
Tringa ochropus,5.0,3
Tringa ochropus,8.0,3
Tringa ochropus,9.0,6
Tringa ochropus,10.0,9
Tringa ochropus,11.0,31
Tringa ochropus,12.0,65
Tringa stagnatilis,1.0,77
Tringa stagnatilis,2.0,48
Tringa stagnatilis,3.0,51
Tringa stagnatilis,4.0,17
Tringa stagnatilis,5.0,5
Tringa stagnatilis,9.0,4
Tringa stagnatilis,10.0,9
Tringa stagnatilis,11.0,31
Tringa stagnatilis,12.0,81
Tringa totanus,1.0,599
Tringa totanus,2.0,454
Tringa totanus,3.0,297
Tringa totanus,4.0,177
Tringa totanus,5.0,100
Tringa totanus,6.0,25
Tringa totanus,7.0,21
Tringa totanus,8.0,54
Tringa totanus,9.0,153
Tringa totanus,10.0,233
Tringa totanus,11.0,368
Tringa totanus,12.0,548
Turdus mandarinus,11.0,19
Turdus obscurus,1.0,27
Turdus obscurus,2.0,23
Turdus obscurus,3.0,2
Turdus obscurus,4.0,7
Turdus obscurus,5.0,4
Turdus obscurus,12.0,39
Turnix tanki,5.0,9
Turnix tanki,6.0,6
Turnix tanki,10.0,3
Turnix tanki,11.0,2
Turnix tanki,12.0,1
Tyto deroepstorffi,1.0,133
Tyto deroepstorffi,2.0,112
Tyto deroepstorffi,3.0,76
Tyto deroepstorffi,4.0,39
Tyto deroepstorffi,5.0,16
Tyto deroepstorffi,6.0,10
Tyto deroepstorffi,7.0,14
Tyto deroepstorffi,8.0,8
Tyto deroepstorffi,9.0,15
Tyto deroepstorffi,10.0,32
Tyto deroepstorffi,11.0,55
Tyto deroepstorffi,12.0,122
Upupa epops,9.0,3
Upupa epops,10.0,5
Upupa epops,11.0,8
Urosphena pallidipes,1.0,2
Urosphena pallidipes,2.0,1
Urosphena pallidipes,3.0,1
Urosphena pallidipes,4.0,2
Urosphena pallidipes,9.0,1
Urosphena pallidipes,12.0,9
Vanellus cinereus,1.0,57
Vanellus cinereus,2.0,22
Vanellus cinereus,3.0,27
Vanellus cinereus,4.0,7
Vanellus cinereus,5.0,2
Vanellus cinereus,10.0,17
Vanellus cinereus,11.0,24
Vanellus cinereus,12.0,35
Vanellus vanellus,12.0,3
Xenus cinereus,1.0,64
Xenus cinereus,2.0,26
Xenus cinereus,3.0,31
Xenus cinereus,4.0,18
Xenus cinereus,9.0,17
Xenus cinereus,10.0,8
Xenus cinereus,11.0,19
Xenus cinereus,12.0,38
Zapornia fusca,1.0,25
Zapornia fusca,2.0,33
Zapornia fusca,3.0,24
Zapornia fusca,4.0,20
Zapornia fusca,5.0,2
Zapornia fusca,6.0,2
Zapornia fusca,10.0,2
Zapornia fusca,11.0,6
Zapornia fusca,12.0,12
Zapornia paykullii,4.0,2
Zapornia pusilla,1.0,32
Zapornia pusilla,2.0,25
Zapornia pusilla,3.0,45
Zapornia pusilla,4.0,20
Zapornia pusilla,11.0,2
Zapornia pusilla,12.0,11
Zoothera dauma,4.0,3
Zosterops palpebrosus,1.0,182
Zosterops palpebrosus,2.0,229
Zosterops palpebrosus,3.0,183
Zosterops palpebrosus,4.0,141
Zosterops palpebrosus,5.0,139
Zosterops palpebrosus,6.0,107
Zosterops palpebrosus,7.0,69
Zosterops palpebrosus,8.0,42
Zosterops palpebrosus,9.0,77
Zosterops palpebrosus,10.0,193
Zosterops palpebrosus,11.0,118
Zosterops palpebrosus,12.0,207
